-- phpMyAdmin SQL Dump
-- version 5.2.1
-- https://www.phpmyadmin.net/
--
-- Host: 127.0.0.1
-- Generation Time: Apr 25, 2025 at 08:00 PM
-- Server version: 10.4.32-MariaDB
-- PHP Version: 8.2.12

SET SQL_MODE = "NO_AUTO_VALUE_ON_ZERO";
START TRANSACTION;
SET time_zone = "+00:00";


/*!40101 SET @OLD_CHARACTER_SET_CLIENT=@@CHARACTER_SET_CLIENT */;
/*!40101 SET @OLD_CHARACTER_SET_RESULTS=@@CHARACTER_SET_RESULTS */;
/*!40101 SET @OLD_COLLATION_CONNECTION=@@COLLATION_CONNECTION */;
/*!40101 SET NAMES utf8mb4 */;

--
-- Database: `gra`
--

-- --------------------------------------------------------

--
-- Table structure for table `gracze`
--

CREATE TABLE `gracze` (
  `ID` int(2) NOT NULL,
  `Nick` varchar(14) DEFAULT NULL,
  `Data_dołączenia` varchar(10) DEFAULT NULL,
  `Kraj` varchar(16) DEFAULT NULL
) ENGINE=InnoDB DEFAULT CHARSET=utf8 COLLATE=utf8_general_ci;

--
-- Dumping data for table `gracze`
--

INSERT INTO `gracze` (`ID`, `Nick`, `Data_dołączenia`, `Kraj`) VALUES
(1, 'Tapcio', '01-12-2020', 'Polska'),
(2, 'Rytmiś', '03-23-2021', 'Polska'),
(3, 'Klikacz69', '05-17-2019', 'Polska'),
(4, 'Osuwacz', '02-08-2022', 'Polska'),
(5, 'DJZakręt', '06-30-2020', 'Polska'),
(6, 'BananaBeat', '09-21-2023', 'USA'),
(7, 'Lagomaster3000', '11-11-2022', 'Kanada'),
(8, 'MissClickette', '10-19-2021', 'Francja'),
(9, 'DerTapfen', '08-03-2020', 'Niemcy'),
(10, 'SeñorCombo', '12-25-2022', 'Hiszpania'),
(11, 'PolskaGurom', '03-03-2021', 'Polska'),
(12, 'NieTrafiam', '06-06-2020', 'Polska'),
(13, 'ZłyZakręt', '08-08-2018', 'Polska'),
(14, 'MikuTapper', '04-14-2019', 'Japonia'),
(15, 'ComboFrog', '07-07-2022', 'Australia'),
(16, 'BitaPiątka', '05-09-2022', 'Polska'),
(17, 'AiméTouché', '09-29-2023', 'Francja'),
(18, 'Przypadek', '09-09-2021', 'Polska'),
(19, 'TapnalemXD', '02-14-2020', 'Polska'),
(20, 'SpeedyZuko', '01-01-2024', 'Korea Południowa');

-- --------------------------------------------------------

--
-- Table structure for table `mapy`
--

CREATE TABLE `mapy` (
  `ID` int(2) NOT NULL,
  `Autor` varchar(20) DEFAULT NULL,
  `Tytuł` varchar(36) DEFAULT NULL,
  `Trudność` int(1) DEFAULT NULL,
  `BPM` int(3) DEFAULT NULL,
  `Max_Punkty` int(4) DEFAULT NULL
) ENGINE=InnoDB DEFAULT CHARSET=utf8 COLLATE=utf8_general_ci;

--
-- Dumping data for table `mapy`
--

INSERT INTO `mapy` (`ID`, `Autor`, `Tytuł`, `Trudność`, `BPM`, `Max_Punkty`) VALUES
(1, 'Cysmix i Emilka', 'Deszcz Łez', 7, 128, 1500),
(2, 'Solejek', 'Renatka', 7, 182, 1500),
(3, 'Kuba Omsiak', 'Moja Miłość', 5, 128, 1000),
(4, 'Pościgacze', 'Zgubiłem się', 6, 170, 1200),
(5, 'Rostek', 'Woda Edition (remix Pawełka Różyka)', 5, 133, 1000),
(6, 'Ramzes B.', 'FlakiPycha', 6, 130, 1200),
(7, 'Rajec', 'Światełko', 4, 120, 900),
(8, 'Tofik Lis', 'MEGALOMAŁA', 7, 240, 1500),
(9, 'Panda Oczy i Termit', 'Duży Wynik', 6, 150, 1200),
(10, 'Portek i Madeonek', 'Schronisko', 5, 128, 1000),
(11, 'Tofik Lis', 'Nadzieje i Marzenia', 6, 120, 1200),
(12, 'Goryle', 'Czuj się dobrze S.A.', 5, 139, 1000),
(13, 'Królowa', 'Nie Zatrzymuj Mnie Teraz', 5, 156, 1000),
(14, 'Reolka', 'Bez Tytułu', 6, 190, 1200),
(15, 'Pan Daft', 'Twardziej, Lepiej, Szybciej, Mocniej', 5, 123, 1000),
(16, 'Umarłe Korporacje', 'Wszystko zamarznie', 8, 240, 1800),
(17, 'Tofik Lis', 'Kość-Trąbek', 6, 160, 1200),
(18, 'Aviciuś', 'Obudź Mnie Proszę', 5, 124, 1000),
(19, 'Dźwiękowy Szok Magii', 'Pęknięte Tłuczki', 7, 170, 1400),
(20, 'xi', 'NURKOWANIE WOLNOŚCI', 9, 222, 2000),
(21, 'Lisek Przemyka', 'Wielka Czarna', 9, 300, 2000),
(22, 'Alanek Spacerowicz', 'Zgasła', 4, 90, 900),
(23, 'Pan Daft i Franuś', 'Bierz Szczęście', 5, 116, 1000),
(24, 'Dziewczyna Getterka', 'Ulica Rockefellera (Turbo Mix)', 6, 130, 1200),
(25, 'Przepływ', 'JAZDA!!!', 6, 150, 1200),
(26, 'Asa z Bazy', 'Wszystko czego Ona Chciała', 4, 94, 900),
(27, 'Gotówka Gotówka', 'Nadgodzinki', 5, 128, 1000),
(28, 'S3RLek', 'Basior dla Sercunia', 6, 175, 1200),
(29, 'Miś z Sowiej Chaty', 'Świetliki', 4, 90, 900),
(30, 'Hanka', 'Airman? Nie Tym Razem', 7, 180, 1400);

-- --------------------------------------------------------

--
-- Table structure for table `rozgrywki`
--

CREATE TABLE `rozgrywki` (
  `ID_rozgr` int(4) NOT NULL,
  `ID_gracza` int(2) DEFAULT NULL,
  `ID_mapy` int(2) DEFAULT NULL,
  `Data_rozgrywki` varchar(10) DEFAULT NULL,
  `Wynik` decimal(5,2) DEFAULT NULL
) ENGINE=InnoDB DEFAULT CHARSET=utf8 COLLATE=utf8_general_ci;

--
-- Dumping data for table `rozgrywki`
--

INSERT INTO `rozgrywki` (`ID_rozgr`, `ID_gracza`, `ID_mapy`, `Data_rozgrywki`, `Wynik`) VALUES
(1, 13, 1, '08-08-2018', 19.26),
(2, 13, 1, '08-08-2018', 17.66),
(3, 13, 1, '08-08-2018', 26.54),
(4, 13, 1, '08-11-2018', 33.63),
(5, 13, 1, '08-11-2018', 38.69),
(6, 13, 1, '08-11-2018', 38.95),
(7, 13, 1, '08-12-2018', 62.08),
(8, 13, 1, '08-12-2018', 63.72),
(9, 13, 1, '08-12-2018', 56.64),
(10, 13, 1, '08-12-2018', 87.58),
(11, 13, 2, '08-12-2018', 15.92),
(12, 13, 2, '08-12-2018', 18.17),
(13, 13, 2, '08-12-2018', 24.44),
(14, 13, 2, '08-12-2018', 31.61),
(15, 13, 2, '08-12-2018', 44.43),
(16, 13, 2, '08-12-2018', 59.01),
(17, 13, 2, '08-12-2018', 68.03),
(18, 13, 2, '08-13-2018', 78.64),
(19, 13, 2, '08-15-2018', 51.80),
(20, 13, 2, '08-16-2018', 71.05),
(21, 13, 3, '08-16-2018', 16.44),
(22, 13, 3, '08-17-2018', 20.94),
(23, 13, 3, '08-17-2018', 36.53),
(24, 13, 3, '08-19-2018', 34.00),
(25, 13, 3, '08-19-2018', 48.27),
(26, 13, 3, '08-19-2018', 55.45),
(27, 13, 3, '08-21-2018', 58.85),
(28, 13, 3, '08-24-2018', 74.33),
(29, 13, 3, '08-24-2018', 57.19),
(30, 13, 3, '08-24-2018', 95.17),
(31, 13, 4, '08-24-2018', 18.91),
(32, 13, 4, '08-25-2018', 17.96),
(33, 13, 4, '08-25-2018', 34.45),
(34, 13, 4, '08-25-2018', 44.69),
(35, 13, 4, '08-25-2018', 39.97),
(36, 13, 4, '08-25-2018', 67.87),
(37, 13, 4, '08-26-2018', 65.80),
(38, 13, 4, '08-26-2018', 54.75),
(39, 13, 4, '08-28-2018', 68.46),
(40, 13, 4, '08-28-2018', 60.41),
(41, 13, 5, '08-31-2018', 14.68),
(42, 13, 5, '08-31-2018', 18.80),
(43, 13, 5, '08-31-2018', 24.49),
(44, 13, 5, '09-01-2018', 38.30),
(45, 13, 5, '09-02-2018', 49.13),
(46, 13, 5, '09-02-2018', 47.80),
(47, 13, 5, '09-02-2018', 60.90),
(48, 13, 5, '09-02-2018', 64.09),
(49, 13, 5, '09-05-2018', 89.99),
(50, 13, 6, '09-06-2018', 12.14),
(51, 13, 6, '09-06-2018', 19.99),
(52, 13, 6, '09-07-2018', 28.91),
(53, 13, 6, '09-07-2018', 38.88),
(54, 13, 6, '09-07-2018', 51.08),
(55, 13, 6, '09-08-2018', 57.39),
(56, 13, 6, '09-08-2018', 42.12),
(57, 13, 6, '09-09-2018', 59.31),
(58, 13, 6, '09-09-2018', 80.62),
(59, 13, 6, '09-09-2018', 72.63),
(60, 13, 7, '09-09-2018', 15.40),
(61, 13, 7, '09-12-2018', 21.48),
(62, 13, 7, '09-14-2018', 38.75),
(63, 13, 7, '09-14-2018', 34.22),
(64, 13, 7, '09-15-2018', 45.15),
(65, 13, 7, '09-15-2018', 57.07),
(66, 13, 7, '09-15-2018', 47.93),
(67, 13, 7, '09-17-2018', 74.84),
(68, 13, 7, '09-17-2018', 88.45),
(69, 13, 7, '09-19-2018', 85.31),
(70, 13, 17, '09-19-2018', 11.80),
(71, 13, 17, '09-19-2018', 17.70),
(72, 13, 17, '09-19-2018', 28.39),
(73, 13, 17, '09-19-2018', 45.62),
(74, 13, 17, '09-19-2018', 50.32),
(75, 13, 17, '09-19-2018', 58.09),
(76, 13, 17, '09-20-2018', 57.19),
(77, 13, 17, '09-20-2018', 69.70),
(78, 13, 17, '09-22-2018', 67.42),
(79, 13, 17, '09-22-2018', 75.90),
(80, 13, 9, '09-23-2018', 14.64),
(81, 13, 9, '09-23-2018', 27.10),
(82, 13, 9, '09-23-2018', 26.47),
(83, 13, 9, '09-23-2018', 37.11),
(84, 13, 9, '09-23-2018', 53.69),
(85, 13, 9, '09-23-2018', 42.08),
(86, 13, 9, '09-24-2018', 45.67),
(87, 13, 9, '09-24-2018', 73.73),
(88, 13, 9, '09-24-2018', 62.37),
(89, 13, 9, '09-27-2018', 66.62),
(90, 13, 10, '09-29-2018', 12.64),
(91, 13, 10, '10-01-2018', 18.92),
(92, 13, 10, '10-01-2018', 28.73),
(93, 13, 10, '10-01-2018', 28.66),
(94, 13, 10, '10-01-2018', 37.64),
(95, 13, 10, '10-01-2018', 51.37),
(96, 13, 10, '10-01-2018', 77.87),
(97, 13, 10, '10-01-2018', 65.90),
(98, 13, 10, '10-01-2018', 63.33),
(99, 13, 10, '10-01-2018', 69.92),
(100, 13, 11, '10-03-2018', 14.94),
(101, 13, 11, '10-03-2018', 22.78),
(102, 13, 11, '10-03-2018', 27.71),
(103, 13, 11, '10-06-2018', 43.83),
(104, 13, 11, '10-06-2018', 52.33),
(105, 13, 11, '10-06-2018', 47.82),
(106, 13, 11, '10-07-2018', 69.30),
(107, 13, 11, '10-07-2018', 82.43),
(108, 13, 11, '10-07-2018', 60.93),
(109, 13, 11, '10-07-2018', 80.13),
(110, 13, 28, '10-08-2018', 13.69),
(111, 13, 28, '10-11-2018', 22.23),
(112, 13, 28, '10-12-2018', 28.88),
(113, 13, 28, '10-15-2018', 28.06),
(114, 13, 28, '10-15-2018', 58.91),
(115, 13, 28, '10-15-2018', 48.16),
(116, 13, 28, '10-15-2018', 45.95),
(117, 13, 28, '10-16-2018', 57.29),
(118, 13, 28, '10-16-2018', 62.99),
(119, 13, 28, '10-17-2018', 93.31),
(120, 13, 23, '10-17-2018', 15.83),
(121, 13, 23, '10-17-2018', 26.04),
(122, 13, 23, '10-17-2018', 36.25),
(123, 13, 23, '10-20-2018', 44.23),
(124, 13, 23, '10-20-2018', 45.87),
(125, 13, 23, '10-20-2018', 43.64),
(126, 13, 23, '10-21-2018', 47.49),
(127, 13, 23, '10-21-2018', 81.08),
(128, 13, 23, '10-24-2018', 79.09),
(129, 13, 23, '10-27-2018', 61.78),
(130, 13, 14, '10-30-2018', 12.35),
(131, 13, 14, '10-30-2018', 18.66),
(132, 13, 14, '10-31-2018', 31.23),
(133, 13, 14, '10-31-2018', 43.39),
(134, 13, 14, '10-31-2018', 50.01),
(135, 13, 14, '11-02-2018', 45.38),
(136, 13, 14, '11-04-2018', 64.08),
(137, 13, 14, '11-07-2018', 73.20),
(138, 13, 14, '11-07-2018', 88.60),
(139, 13, 14, '11-07-2018', 67.52),
(140, 13, 15, '11-07-2018', 15.01),
(141, 13, 15, '11-10-2018', 19.11),
(142, 13, 15, '11-11-2018', 37.43),
(143, 13, 15, '11-11-2018', 41.69),
(144, 13, 15, '11-11-2018', 36.68),
(145, 13, 15, '11-11-2018', 60.85),
(146, 13, 15, '11-11-2018', 72.16),
(147, 13, 15, '11-11-2018', 52.81),
(148, 13, 15, '11-12-2018', 91.22),
(149, 13, 15, '11-12-2018', 62.32),
(150, 13, 28, '11-12-2018', 10.68),
(151, 13, 28, '11-12-2018', 24.68),
(152, 13, 28, '11-12-2018', 33.88),
(153, 13, 28, '11-12-2018', 39.38),
(154, 13, 28, '11-12-2018', 30.97),
(155, 13, 28, '11-12-2018', 43.28),
(156, 13, 28, '11-12-2018', 57.67),
(157, 13, 28, '11-12-2018', 66.42),
(158, 13, 28, '11-13-2018', 95.78),
(159, 13, 28, '11-13-2018', 97.51),
(160, 13, 17, '11-16-2018', 10.15),
(161, 13, 17, '11-16-2018', 26.40),
(162, 13, 17, '11-16-2018', 29.15),
(163, 13, 17, '11-18-2018', 34.50),
(164, 13, 17, '11-18-2018', 50.27),
(165, 13, 17, '11-18-2018', 56.33),
(166, 13, 17, '11-20-2018', 64.97),
(167, 13, 17, '11-23-2018', 57.20),
(168, 13, 17, '11-26-2018', 85.37),
(169, 13, 17, '11-26-2018', 90.97),
(170, 13, 18, '11-27-2018', 16.13),
(171, 13, 18, '11-27-2018', 17.33),
(172, 13, 18, '11-27-2018', 29.33),
(173, 13, 18, '11-27-2018', 41.29),
(174, 13, 18, '11-27-2018', 44.44),
(175, 13, 18, '11-27-2018', 62.91),
(176, 13, 18, '11-30-2018', 71.77),
(177, 13, 18, '12-01-2018', 78.91),
(178, 13, 18, '12-04-2018', 69.75),
(179, 13, 18, '12-04-2018', 84.95),
(180, 13, 19, '12-04-2018', 17.77),
(181, 13, 19, '12-06-2018', 25.93),
(182, 13, 19, '12-06-2018', 26.45),
(183, 13, 19, '12-06-2018', 42.59),
(184, 13, 19, '12-06-2018', 43.53),
(185, 13, 19, '12-06-2018', 61.29),
(186, 13, 19, '12-06-2018', 62.34),
(187, 13, 19, '12-06-2018', 70.27),
(188, 13, 19, '12-07-2018', 61.54),
(189, 13, 19, '12-07-2018', 62.02),
(190, 13, 20, '12-07-2018', 11.03),
(191, 13, 20, '12-07-2018', 23.50),
(192, 13, 20, '12-09-2018', 28.71),
(193, 13, 20, '12-09-2018', 36.50),
(194, 13, 20, '12-09-2018', 46.45),
(195, 13, 20, '12-09-2018', 57.11),
(196, 13, 20, '12-09-2018', 44.04),
(197, 13, 20, '12-09-2018', 58.62),
(198, 13, 20, '12-09-2018', 52.76),
(199, 13, 20, '12-09-2018', 65.65),
(200, 13, 21, '12-09-2018', 18.14),
(201, 14, 1, '04-14-2019', 16.72),
(202, 14, 1, '04-15-2019', 22.87),
(203, 14, 1, '04-15-2019', 27.01),
(204, 14, 1, '04-18-2019', 44.28),
(205, 14, 1, '04-20-2019', 38.33),
(206, 14, 1, '04-21-2019', 54.39),
(207, 14, 1, '04-21-2019', 49.93),
(208, 14, 1, '04-22-2019', 61.88),
(209, 14, 1, '04-22-2019', 73.46),
(210, 14, 1, '04-22-2019', 64.07),
(211, 14, 2, '04-22-2019', 17.21),
(212, 14, 2, '04-22-2019', 28.18),
(213, 14, 2, '04-22-2019', 30.75),
(214, 14, 2, '04-22-2019', 42.20),
(215, 14, 2, '04-24-2019', 41.40),
(216, 14, 2, '04-24-2019', 43.05),
(217, 14, 2, '04-24-2019', 68.96),
(218, 14, 2, '04-24-2019', 80.29),
(219, 14, 2, '04-27-2019', 75.33),
(220, 14, 2, '04-27-2019', 79.76),
(221, 14, 3, '04-28-2019', 18.02),
(222, 14, 3, '04-28-2019', 16.88),
(223, 14, 3, '04-28-2019', 26.99),
(224, 14, 3, '04-28-2019', 38.63),
(225, 14, 3, '04-28-2019', 37.77),
(226, 14, 3, '04-28-2019', 62.42),
(227, 14, 3, '04-29-2019', 49.81),
(228, 14, 3, '05-02-2019', 84.95),
(229, 14, 3, '05-02-2019', 77.41),
(230, 14, 3, '05-02-2019', 65.33),
(231, 14, 4, '05-04-2019', 12.02),
(232, 14, 4, '05-06-2019', 18.59),
(233, 14, 4, '05-06-2019', 37.04),
(234, 14, 4, '05-06-2019', 44.29),
(235, 14, 4, '05-06-2019', 47.71),
(236, 14, 4, '05-06-2019', 48.86),
(237, 14, 4, '05-06-2019', 72.04),
(238, 14, 4, '05-06-2019', 72.32),
(239, 14, 4, '05-09-2019', 93.16),
(240, 14, 4, '05-09-2019', 97.52),
(241, 14, 5, '05-09-2019', 12.16),
(242, 14, 5, '05-09-2019', 23.40),
(243, 14, 5, '05-12-2019', 28.19),
(244, 14, 5, '05-12-2019', 34.98),
(245, 14, 5, '05-15-2019', 41.54),
(246, 14, 5, '05-16-2019', 46.94),
(247, 14, 5, '05-16-2019', 72.10),
(248, 14, 5, '05-16-2019', 82.01),
(249, 3, 1, '05-17-2019', 14.78),
(250, 3, 1, '05-17-2019', 25.23),
(251, 3, 1, '05-17-2019', 32.24),
(252, 3, 1, '05-17-2019', 32.13),
(253, 14, 5, '05-18-2019', 80.54),
(254, 14, 6, '05-18-2019', 14.89),
(255, 14, 6, '05-18-2019', 17.59),
(256, 3, 1, '05-19-2019', 43.97),
(257, 14, 6, '05-21-2019', 29.72),
(258, 14, 6, '05-21-2019', 36.06),
(259, 14, 6, '05-21-2019', 54.03),
(260, 14, 6, '05-21-2019', 44.34),
(261, 14, 6, '05-21-2019', 67.85),
(262, 14, 6, '05-21-2019', 66.83),
(263, 14, 6, '05-21-2019', 87.19),
(264, 14, 6, '05-21-2019', 93.39),
(265, 3, 1, '05-22-2019', 50.38),
(266, 3, 1, '05-24-2019', 75.59),
(267, 3, 1, '05-24-2019', 58.57),
(268, 3, 1, '05-24-2019', 75.87),
(269, 14, 7, '05-24-2019', 18.51),
(270, 14, 7, '05-24-2019', 28.53),
(271, 14, 7, '05-24-2019', 24.17),
(272, 14, 7, '05-24-2019', 37.97),
(273, 14, 7, '05-24-2019', 38.42),
(274, 3, 1, '05-26-2019', 78.78),
(275, 3, 2, '05-26-2019', 18.96),
(276, 3, 2, '05-26-2019', 17.47),
(277, 3, 2, '05-26-2019', 31.17),
(278, 3, 2, '05-26-2019', 38.70),
(279, 3, 2, '05-26-2019', 38.11),
(280, 3, 2, '05-26-2019', 57.38),
(281, 3, 2, '05-26-2019', 44.87),
(282, 3, 2, '05-26-2019', 66.25),
(283, 3, 2, '05-26-2019', 58.88),
(284, 3, 2, '05-26-2019', 94.47),
(285, 3, 23, '05-27-2019', 11.90),
(286, 3, 23, '05-27-2019', 21.45),
(287, 3, 23, '05-27-2019', 35.48),
(288, 14, 7, '05-27-2019', 57.33),
(289, 14, 7, '05-27-2019', 64.83),
(290, 14, 7, '05-27-2019', 49.07),
(291, 14, 7, '05-27-2019', 65.94),
(292, 14, 17, '05-27-2019', 14.82),
(293, 14, 17, '05-27-2019', 20.82),
(294, 14, 17, '05-28-2019', 29.21),
(295, 14, 17, '05-28-2019', 38.77),
(296, 14, 17, '05-28-2019', 47.09),
(297, 14, 17, '05-28-2019', 38.37),
(298, 14, 17, '05-28-2019', 59.85),
(299, 14, 17, '05-28-2019', 69.81),
(300, 14, 17, '05-28-2019', 88.71),
(301, 14, 17, '05-28-2019', 73.42),
(302, 14, 9, '05-28-2019', 15.59),
(303, 14, 9, '05-28-2019', 25.45),
(304, 14, 9, '05-28-2019', 24.04),
(305, 14, 9, '05-28-2019', 44.18),
(306, 3, 23, '05-29-2019', 36.38),
(307, 3, 23, '05-29-2019', 34.68),
(308, 3, 23, '05-29-2019', 48.81),
(309, 14, 9, '05-30-2019', 31.06),
(310, 14, 9, '05-30-2019', 55.41),
(311, 14, 9, '05-30-2019', 67.21),
(312, 14, 9, '05-31-2019', 63.77),
(313, 3, 23, '06-01-2019', 49.04),
(314, 3, 23, '06-01-2019', 56.37),
(315, 3, 3, '06-01-2019', 73.21),
(316, 3, 3, '06-01-2019', 88.18),
(317, 3, 4, '06-01-2019', 17.41),
(318, 3, 4, '06-01-2019', 26.13),
(319, 14, 9, '06-02-2019', 75.45),
(320, 3, 4, '06-04-2019', 24.25),
(321, 3, 4, '06-04-2019', 36.11),
(322, 3, 4, '06-04-2019', 38.72),
(323, 3, 4, '06-04-2019', 57.51),
(324, 14, 9, '06-05-2019', 93.11),
(325, 3, 4, '06-07-2019', 67.03),
(326, 3, 4, '06-07-2019', 67.24),
(327, 3, 4, '06-07-2019', 66.12),
(328, 3, 4, '06-07-2019', 73.21),
(329, 3, 5, '06-07-2019', 19.96),
(330, 3, 5, '06-07-2019', 22.10),
(331, 14, 10, '06-08-2019', 12.80),
(332, 3, 5, '06-09-2019', 29.89),
(333, 3, 5, '06-09-2019', 33.77),
(334, 14, 10, '06-09-2019', 24.41),
(335, 3, 5, '06-10-2019', 50.80),
(336, 3, 5, '06-10-2019', 53.86),
(337, 3, 5, '06-10-2019', 69.85),
(338, 3, 5, '06-10-2019', 63.37),
(339, 3, 5, '06-10-2019', 80.71),
(340, 3, 5, '06-10-2019', 73.26),
(341, 14, 10, '06-10-2019', 33.07),
(342, 14, 10, '06-10-2019', 48.82),
(343, 3, 6, '06-11-2019', 13.25),
(344, 3, 6, '06-11-2019', 19.92),
(345, 3, 6, '06-11-2019', 26.08),
(346, 3, 6, '06-11-2019', 42.76),
(347, 3, 6, '06-11-2019', 49.07),
(348, 3, 6, '06-11-2019', 44.99),
(349, 3, 6, '06-11-2019', 63.32),
(350, 3, 6, '06-11-2019', 71.08),
(351, 3, 6, '06-11-2019', 60.72),
(352, 3, 6, '06-11-2019', 100.00),
(353, 3, 7, '06-11-2019', 15.75),
(354, 3, 7, '06-11-2019', 25.08),
(355, 3, 7, '06-11-2019', 30.53),
(356, 3, 7, '06-11-2019', 39.77),
(357, 3, 7, '06-11-2019', 39.23),
(358, 3, 7, '06-11-2019', 69.65),
(359, 14, 10, '06-11-2019', 43.92),
(360, 14, 10, '06-11-2019', 56.36),
(361, 14, 10, '06-11-2019', 75.43),
(362, 3, 7, '06-12-2019', 46.11),
(363, 3, 7, '06-12-2019', 72.97),
(364, 3, 7, '06-12-2019', 82.10),
(365, 3, 7, '06-12-2019', 65.65),
(366, 3, 17, '06-12-2019', 15.01),
(367, 14, 10, '06-14-2019', 59.22),
(368, 14, 10, '06-14-2019', 92.29),
(369, 14, 10, '06-14-2019', 98.66),
(370, 14, 11, '06-14-2019', 18.45),
(371, 14, 11, '06-14-2019', 22.53),
(372, 14, 11, '06-14-2019', 29.83),
(373, 3, 17, '06-15-2019', 20.52),
(374, 14, 11, '06-15-2019', 40.89),
(375, 14, 11, '06-16-2019', 47.90),
(376, 14, 11, '06-16-2019', 53.14),
(377, 14, 11, '06-16-2019', 60.57),
(378, 14, 11, '06-16-2019', 76.85),
(379, 14, 11, '06-16-2019', 57.53),
(380, 14, 11, '06-16-2019', 84.41),
(381, 3, 17, '06-18-2019', 30.23),
(382, 14, 12, '06-18-2019', 18.60),
(383, 3, 17, '06-19-2019', 39.83),
(384, 3, 17, '06-19-2019', 51.21),
(385, 14, 12, '06-21-2019', 20.11),
(386, 14, 12, '06-21-2019', 31.26),
(387, 14, 12, '06-21-2019', 30.76),
(388, 14, 12, '06-21-2019', 48.89),
(389, 14, 12, '06-21-2019', 43.58),
(390, 14, 12, '06-21-2019', 73.14),
(391, 14, 12, '06-21-2019', 73.71),
(392, 3, 17, '06-22-2019', 58.70),
(393, 3, 17, '06-22-2019', 57.68),
(394, 3, 17, '06-22-2019', 56.94),
(395, 3, 17, '06-22-2019', 94.89),
(396, 3, 17, '06-22-2019', 75.52),
(397, 3, 9, '06-22-2019', 17.37),
(398, 3, 9, '06-22-2019', 22.08),
(399, 3, 9, '06-22-2019', 22.10),
(400, 3, 9, '06-23-2019', 45.42),
(401, 14, 12, '06-23-2019', 88.86),
(402, 3, 9, '06-25-2019', 39.10),
(403, 3, 9, '06-25-2019', 41.70),
(404, 14, 12, '06-25-2019', 77.30),
(405, 14, 13, '06-25-2019', 15.48),
(406, 3, 9, '06-28-2019', 57.21),
(407, 14, 13, '06-28-2019', 26.64),
(408, 3, 9, '06-30-2019', 74.37),
(409, 3, 9, '06-30-2019', 69.03),
(410, 3, 10, '06-30-2019', 18.88),
(411, 3, 10, '06-30-2019', 17.89),
(412, 3, 10, '06-30-2019', 32.85),
(413, 3, 10, '06-30-2019', 41.59),
(414, 14, 13, '07-01-2019', 36.28),
(415, 3, 10, '07-02-2019', 45.45),
(416, 3, 10, '07-02-2019', 62.90),
(417, 3, 10, '07-02-2019', 68.64),
(418, 3, 10, '07-02-2019', 60.20),
(419, 3, 10, '07-02-2019', 60.58),
(420, 3, 11, '07-03-2019', 17.30),
(421, 3, 11, '07-03-2019', 28.50),
(422, 3, 11, '07-03-2019', 21.55),
(423, 3, 11, '07-03-2019', 36.36),
(424, 3, 11, '07-03-2019', 46.03),
(425, 3, 11, '07-03-2019', 46.90),
(426, 3, 11, '07-03-2019', 60.53),
(427, 3, 11, '07-03-2019', 84.21),
(428, 3, 11, '07-03-2019', 82.43),
(429, 3, 11, '07-03-2019', 63.00),
(430, 3, 12, '07-04-2019', 10.60),
(431, 14, 13, '07-04-2019', 44.21),
(432, 14, 13, '07-04-2019', 44.98),
(433, 14, 13, '07-04-2019', 56.85),
(434, 14, 13, '07-04-2019', 60.55),
(435, 14, 13, '07-04-2019', 61.87),
(436, 3, 12, '07-05-2019', 19.59),
(437, 3, 12, '07-05-2019', 27.82),
(438, 3, 12, '07-06-2019', 32.85),
(439, 14, 13, '07-06-2019', 59.51),
(440, 14, 13, '07-06-2019', 63.64),
(441, 3, 12, '07-07-2019', 36.92),
(442, 3, 12, '07-07-2019', 50.69),
(443, 3, 12, '07-07-2019', 50.28),
(444, 14, 30, '07-07-2019', 12.47),
(445, 14, 30, '07-07-2019', 15.79),
(446, 14, 30, '07-07-2019', 25.50),
(447, 14, 30, '07-07-2019', 36.15),
(448, 14, 30, '07-07-2019', 33.35),
(449, 14, 30, '07-07-2019', 58.24),
(450, 14, 30, '07-07-2019', 68.28),
(451, 3, 12, '07-09-2019', 53.57),
(452, 3, 12, '07-09-2019', 65.07),
(453, 3, 12, '07-09-2019', 84.75),
(454, 14, 30, '07-09-2019', 64.17),
(455, 14, 30, '07-09-2019', 60.70),
(456, 14, 30, '07-09-2019', 89.18),
(457, 14, 15, '07-09-2019', 17.75),
(458, 14, 15, '07-09-2019', 23.36),
(459, 3, 13, '07-11-2019', 13.30),
(460, 3, 13, '07-12-2019', 26.89),
(461, 3, 13, '07-12-2019', 29.33),
(462, 3, 13, '07-12-2019', 41.14),
(463, 3, 13, '07-12-2019', 45.42),
(464, 14, 15, '07-12-2019', 27.29),
(465, 14, 15, '07-12-2019', 37.15),
(466, 14, 15, '07-12-2019', 39.66),
(467, 14, 15, '07-12-2019', 57.19),
(468, 3, 13, '07-13-2019', 46.06),
(469, 3, 13, '07-13-2019', 48.43),
(470, 3, 13, '07-13-2019', 86.86),
(471, 3, 13, '07-14-2019', 83.16),
(472, 14, 15, '07-15-2019', 67.90),
(473, 14, 15, '07-15-2019', 67.23),
(474, 14, 15, '07-15-2019', 60.11),
(475, 14, 15, '07-15-2019', 98.07),
(476, 14, 16, '07-15-2019', 12.63),
(477, 3, 13, '07-16-2019', 82.55),
(478, 3, 14, '07-16-2019', 14.21),
(479, 3, 14, '07-16-2019', 19.66),
(480, 3, 14, '07-16-2019', 26.55),
(481, 3, 14, '07-16-2019', 39.06),
(482, 3, 14, '07-16-2019', 40.10),
(483, 3, 14, '07-16-2019', 55.13),
(484, 3, 14, '07-16-2019', 54.03),
(485, 3, 14, '07-16-2019', 65.76),
(486, 3, 14, '07-18-2019', 90.93),
(487, 14, 16, '07-18-2019', 26.04),
(488, 14, 16, '07-18-2019', 27.48),
(489, 14, 16, '07-18-2019', 40.10),
(490, 14, 16, '07-18-2019', 47.77),
(491, 14, 16, '07-18-2019', 50.15),
(492, 3, 14, '07-19-2019', 68.14),
(493, 3, 15, '07-19-2019', 19.73),
(494, 3, 15, '07-19-2019', 28.02),
(495, 3, 15, '07-21-2019', 27.21),
(496, 14, 16, '07-21-2019', 44.52),
(497, 14, 16, '07-21-2019', 60.54),
(498, 14, 16, '07-21-2019', 82.06),
(499, 3, 15, '07-24-2019', 29.29),
(500, 3, 15, '07-24-2019', 49.43),
(501, 3, 15, '07-24-2019', 49.86),
(502, 14, 16, '07-24-2019', 97.19),
(503, 14, 17, '07-24-2019', 12.30),
(504, 3, 15, '07-26-2019', 65.16),
(505, 3, 15, '07-26-2019', 54.93),
(506, 3, 15, '07-26-2019', 66.98),
(507, 3, 15, '07-27-2019', 74.49),
(508, 3, 16, '07-27-2019', 17.03),
(509, 14, 17, '07-27-2019', 20.84),
(510, 3, 16, '07-29-2019', 19.26),
(511, 3, 16, '07-29-2019', 28.21),
(512, 3, 16, '07-29-2019', 27.00),
(513, 3, 16, '07-29-2019', 48.02),
(514, 3, 16, '07-29-2019', 43.84),
(515, 3, 16, '07-29-2019', 45.91),
(516, 14, 17, '07-30-2019', 37.72),
(517, 14, 17, '07-30-2019', 37.87),
(518, 14, 17, '07-30-2019', 51.09),
(519, 3, 16, '08-01-2019', 63.67),
(520, 3, 16, '08-01-2019', 70.12),
(521, 3, 16, '08-01-2019', 91.62),
(522, 3, 17, '08-01-2019', 11.37),
(523, 3, 17, '08-01-2019', 20.72),
(524, 3, 17, '08-01-2019', 27.20),
(525, 3, 17, '08-01-2019', 43.17),
(526, 14, 17, '08-02-2019', 65.58),
(527, 14, 17, '08-02-2019', 56.00),
(528, 14, 17, '08-02-2019', 70.10),
(529, 3, 17, '08-04-2019', 33.44),
(530, 3, 17, '08-04-2019', 52.15),
(531, 3, 17, '08-04-2019', 62.13),
(532, 3, 17, '08-04-2019', 86.02),
(533, 14, 17, '08-04-2019', 64.97),
(534, 14, 17, '08-04-2019', 58.28),
(535, 14, 18, '08-04-2019', 11.21),
(536, 3, 17, '08-06-2019', 52.90),
(537, 3, 17, '08-06-2019', 79.55),
(538, 3, 18, '08-06-2019', 18.60),
(539, 14, 18, '08-06-2019', 23.41),
(540, 3, 18, '08-09-2019', 18.69),
(541, 3, 18, '08-09-2019', 27.35),
(542, 14, 18, '08-09-2019', 29.54),
(543, 14, 18, '08-10-2019', 48.15),
(544, 14, 18, '08-10-2019', 46.57),
(545, 3, 18, '08-12-2019', 38.23),
(546, 3, 18, '08-12-2019', 39.71),
(547, 14, 18, '08-12-2019', 46.07),
(548, 3, 18, '08-13-2019', 47.64),
(549, 3, 18, '08-13-2019', 60.02),
(550, 3, 18, '08-13-2019', 71.28),
(551, 3, 18, '08-13-2019', 77.57),
(552, 3, 18, '08-13-2019', 70.66),
(553, 14, 18, '08-13-2019', 57.30),
(554, 14, 18, '08-13-2019', 61.74),
(555, 14, 18, '08-13-2019', 74.62),
(556, 14, 18, '08-13-2019', 83.03),
(557, 14, 19, '08-13-2019', 17.14),
(558, 3, 19, '08-16-2019', 14.80),
(559, 3, 19, '08-16-2019', 19.07),
(560, 14, 19, '08-16-2019', 24.80),
(561, 14, 19, '08-16-2019', 32.85),
(562, 14, 19, '08-16-2019', 45.64),
(563, 14, 19, '08-16-2019', 43.46),
(564, 3, 19, '08-18-2019', 30.25),
(565, 3, 19, '08-18-2019', 37.06),
(566, 3, 19, '08-18-2019', 35.50),
(567, 14, 19, '08-18-2019', 53.74),
(568, 14, 19, '08-19-2019', 46.76),
(569, 3, 19, '08-20-2019', 51.82),
(570, 3, 19, '08-20-2019', 64.70),
(571, 3, 19, '08-21-2019', 73.24),
(572, 3, 19, '08-21-2019', 70.31),
(573, 14, 19, '08-21-2019', 71.24),
(574, 14, 19, '08-21-2019', 72.40),
(575, 14, 19, '08-21-2019', 91.79),
(576, 14, 20, '08-21-2019', 11.62),
(577, 14, 20, '08-21-2019', 26.23),
(578, 14, 20, '08-21-2019', 28.63),
(579, 14, 20, '08-21-2019', 47.88),
(580, 3, 19, '08-22-2019', 64.94),
(581, 3, 20, '08-22-2019', 15.85),
(582, 3, 20, '08-22-2019', 19.54),
(583, 3, 20, '08-22-2019', 22.43),
(584, 3, 20, '08-22-2019', 40.73),
(585, 3, 20, '08-22-2019', 49.78),
(586, 3, 20, '08-22-2019', 61.40),
(587, 3, 20, '08-22-2019', 48.43),
(588, 14, 20, '08-23-2019', 43.48),
(589, 14, 20, '08-23-2019', 50.88),
(590, 14, 20, '08-23-2019', 64.77),
(591, 14, 20, '08-23-2019', 71.96),
(592, 3, 20, '08-24-2019', 50.96),
(593, 3, 20, '08-25-2019', 57.32),
(594, 14, 20, '08-26-2019', 60.00),
(595, 14, 20, '08-27-2019', 72.71),
(596, 14, 21, '08-27-2019', 13.02),
(597, 3, 20, '08-28-2019', 80.19),
(598, 3, 21, '08-28-2019', 18.81),
(599, 3, 21, '08-29-2019', 16.98),
(600, 14, 21, '08-30-2019', 21.27),
(601, 1, 1, '01-12-2020', 10.45),
(602, 1, 1, '01-12-2020', 27.92),
(603, 1, 1, '01-12-2020', 26.68),
(604, 1, 1, '01-12-2020', 44.36),
(605, 1, 1, '01-12-2020', 38.47),
(606, 1, 1, '01-13-2020', 57.58),
(607, 1, 1, '01-13-2020', 60.18),
(608, 1, 1, '01-16-2020', 75.20),
(609, 1, 1, '01-16-2020', 69.12),
(610, 1, 2, '01-17-2020', 16.90),
(611, 1, 2, '01-17-2020', 18.86),
(612, 1, 2, '01-17-2020', 36.24),
(613, 1, 2, '01-20-2020', 37.69),
(614, 1, 2, '01-21-2020', 56.59),
(615, 1, 2, '01-21-2020', 45.62),
(616, 1, 2, '01-24-2020', 48.80),
(617, 1, 2, '01-24-2020', 65.58),
(618, 1, 2, '01-24-2020', 93.01),
(619, 1, 2, '01-24-2020', 74.76),
(620, 1, 27, '01-24-2020', 12.74),
(621, 1, 27, '01-25-2020', 22.68),
(622, 1, 27, '01-25-2020', 24.86),
(623, 1, 27, '01-25-2020', 39.44),
(624, 1, 27, '01-25-2020', 40.22),
(625, 1, 27, '01-26-2020', 53.81),
(626, 1, 27, '01-26-2020', 58.10),
(627, 1, 27, '01-29-2020', 67.84),
(628, 1, 27, '01-29-2020', 76.12),
(629, 1, 27, '01-29-2020', 92.07),
(630, 1, 22, '01-29-2020', 18.27),
(631, 1, 22, '01-29-2020', 26.94),
(632, 1, 22, '01-29-2020', 29.35),
(633, 1, 22, '01-29-2020', 40.89),
(634, 1, 22, '01-29-2020', 43.74),
(635, 1, 4, '01-31-2020', 63.98),
(636, 1, 4, '01-31-2020', 78.93),
(637, 1, 4, '01-31-2020', 81.16),
(638, 1, 4, '01-31-2020', 58.00),
(639, 1, 4, '01-31-2020', 67.63),
(640, 1, 5, '02-01-2020', 11.90),
(641, 1, 5, '02-01-2020', 24.06),
(642, 1, 5, '02-02-2020', 32.75),
(643, 1, 5, '02-02-2020', 34.87),
(644, 1, 5, '02-02-2020', 54.84),
(645, 1, 5, '02-02-2020', 48.07),
(646, 1, 5, '02-02-2020', 70.75),
(647, 1, 5, '02-02-2020', 57.26),
(648, 1, 5, '02-03-2020', 93.67),
(649, 1, 5, '02-04-2020', 80.44),
(650, 1, 6, '02-04-2020', 19.53),
(651, 1, 6, '02-04-2020', 17.14),
(652, 1, 6, '02-04-2020', 30.97),
(653, 1, 6, '02-04-2020', 29.67),
(654, 1, 6, '02-04-2020', 41.68),
(655, 1, 6, '02-04-2020', 40.32),
(656, 1, 6, '02-07-2020', 74.45),
(657, 1, 6, '02-09-2020', 67.71),
(658, 1, 6, '02-09-2020', 60.08),
(659, 1, 6, '02-12-2020', 94.65),
(660, 1, 7, '02-12-2020', 15.90),
(661, 19, 1, '02-14-2020', 10.85),
(662, 19, 1, '02-14-2020', 26.41),
(663, 1, 7, '02-15-2020', 19.82),
(664, 1, 7, '02-15-2020', 33.16),
(665, 1, 7, '02-15-2020', 42.28),
(666, 19, 1, '02-17-2020', 34.49),
(667, 1, 7, '02-18-2020', 49.25),
(668, 1, 7, '02-18-2020', 43.74),
(669, 1, 7, '02-18-2020', 52.56),
(670, 1, 7, '02-20-2020', 77.63),
(671, 19, 1, '02-20-2020', 38.44),
(672, 19, 1, '02-20-2020', 43.74),
(673, 19, 1, '02-20-2020', 49.14),
(674, 19, 1, '02-20-2020', 66.95),
(675, 1, 7, '02-23-2020', 90.12),
(676, 1, 7, '02-23-2020', 91.97),
(677, 1, 17, '02-23-2020', 19.81),
(678, 19, 1, '02-23-2020', 70.34),
(679, 19, 1, '02-23-2020', 90.65),
(680, 19, 1, '02-23-2020', 66.17),
(681, 19, 2, '02-23-2020', 14.39),
(682, 19, 2, '02-23-2020', 19.70),
(683, 19, 2, '02-23-2020', 32.25),
(684, 19, 2, '02-23-2020', 30.77),
(685, 19, 2, '02-23-2020', 49.16),
(686, 19, 2, '02-23-2020', 44.28),
(687, 19, 2, '02-23-2020', 52.72),
(688, 1, 17, '02-24-2020', 23.18),
(689, 1, 17, '02-24-2020', 26.06),
(690, 19, 2, '02-24-2020', 60.63),
(691, 1, 17, '02-25-2020', 39.94),
(692, 19, 2, '02-26-2020', 79.97),
(693, 1, 17, '02-27-2020', 42.92),
(694, 1, 17, '02-27-2020', 41.39),
(695, 1, 17, '02-27-2020', 47.41),
(696, 1, 17, '02-27-2020', 65.07),
(697, 1, 17, '02-27-2020', 70.82),
(698, 1, 17, '02-27-2020', 92.46),
(699, 1, 9, '02-27-2020', 19.61),
(700, 19, 2, '02-28-2020', 95.57),
(701, 19, 3, '02-29-2020', 12.96),
(702, 19, 3, '02-29-2020', 16.77),
(703, 1, 9, '03-01-2020', 17.16),
(704, 1, 9, '03-01-2020', 28.60),
(705, 19, 3, '03-03-2020', 24.61),
(706, 19, 3, '03-03-2020', 31.52),
(707, 19, 3, '03-03-2020', 48.15),
(708, 1, 9, '03-04-2020', 41.36),
(709, 1, 9, '03-04-2020', 33.27),
(710, 1, 9, '03-04-2020', 54.35),
(711, 1, 9, '03-04-2020', 72.17),
(712, 19, 3, '03-05-2020', 46.74),
(713, 19, 3, '03-05-2020', 53.45),
(714, 1, 9, '03-07-2020', 76.89),
(715, 1, 9, '03-07-2020', 87.88),
(716, 1, 9, '03-07-2020', 81.86),
(717, 19, 3, '03-07-2020', 66.40),
(718, 19, 3, '03-07-2020', 63.08),
(719, 19, 3, '03-07-2020', 67.26),
(720, 19, 4, '03-09-2020', 19.74),
(721, 19, 4, '03-09-2020', 21.64),
(722, 1, 10, '03-10-2020', 12.28),
(723, 1, 10, '03-10-2020', 18.20),
(724, 1, 10, '03-10-2020', 32.01),
(725, 19, 4, '03-10-2020', 25.92),
(726, 19, 4, '03-10-2020', 42.35),
(727, 1, 10, '03-11-2020', 36.36),
(728, 19, 4, '03-12-2020', 50.70),
(729, 19, 4, '03-12-2020', 49.03),
(730, 19, 4, '03-12-2020', 60.10),
(731, 1, 10, '03-14-2020', 40.49),
(732, 19, 4, '03-15-2020', 55.94),
(733, 1, 10, '03-16-2020', 61.41),
(734, 1, 10, '03-16-2020', 61.65),
(735, 1, 10, '03-16-2020', 62.09),
(736, 19, 4, '03-16-2020', 85.25),
(737, 19, 4, '03-16-2020', 93.71),
(738, 19, 5, '03-16-2020', 16.73),
(739, 19, 5, '03-16-2020', 20.91),
(740, 19, 5, '03-17-2020', 24.91),
(741, 19, 5, '03-17-2020', 34.45),
(742, 19, 5, '03-17-2020', 40.07),
(743, 1, 10, '03-18-2020', 69.62),
(744, 1, 10, '03-18-2020', 97.42),
(745, 1, 11, '03-18-2020', 13.13),
(746, 19, 5, '03-18-2020', 43.45),
(747, 19, 5, '03-18-2020', 73.30),
(748, 19, 5, '03-18-2020', 54.91),
(749, 19, 5, '03-18-2020', 82.80),
(750, 19, 5, '03-18-2020', 80.36),
(751, 19, 6, '03-18-2020', 15.50),
(752, 19, 6, '03-18-2020', 25.69),
(753, 1, 11, '03-19-2020', 17.39),
(754, 1, 11, '03-20-2020', 26.60),
(755, 1, 11, '03-20-2020', 41.19),
(756, 1, 11, '03-20-2020', 58.48),
(757, 1, 11, '03-20-2020', 50.64),
(758, 1, 11, '03-20-2020', 65.52),
(759, 19, 6, '03-20-2020', 29.44),
(760, 19, 6, '03-20-2020', 29.46),
(761, 19, 6, '03-20-2020', 56.49),
(762, 1, 11, '03-23-2020', 60.16),
(763, 1, 11, '03-23-2020', 72.62),
(764, 1, 11, '03-23-2020', 65.56),
(765, 1, 12, '03-23-2020', 18.56),
(766, 1, 12, '03-23-2020', 26.60),
(767, 1, 12, '03-23-2020', 28.12),
(768, 19, 6, '03-23-2020', 50.10),
(769, 1, 12, '03-24-2020', 35.72),
(770, 1, 12, '03-24-2020', 53.90),
(771, 1, 12, '03-24-2020', 59.72),
(772, 1, 12, '03-24-2020', 66.08),
(773, 19, 6, '03-26-2020', 50.39),
(774, 19, 6, '03-26-2020', 49.22),
(775, 19, 6, '03-26-2020', 64.73),
(776, 1, 12, '03-27-2020', 70.25),
(777, 1, 12, '03-27-2020', 58.80),
(778, 1, 12, '03-28-2020', 84.89),
(779, 1, 13, '03-28-2020', 18.58),
(780, 19, 6, '03-28-2020', 80.10),
(781, 19, 7, '03-28-2020', 16.23),
(782, 19, 7, '03-28-2020', 26.76),
(783, 19, 7, '03-28-2020', 35.13),
(784, 19, 7, '03-28-2020', 46.38),
(785, 19, 7, '03-28-2020', 51.48),
(786, 19, 7, '03-28-2020', 43.20),
(787, 19, 7, '03-29-2020', 62.65),
(788, 1, 13, '03-30-2020', 19.51),
(789, 19, 7, '04-01-2020', 75.98),
(790, 19, 7, '04-01-2020', 80.13),
(791, 1, 13, '04-02-2020', 28.28),
(792, 1, 13, '04-02-2020', 41.37),
(793, 19, 7, '04-03-2020', 100.00),
(794, 1, 13, '04-04-2020', 42.81),
(795, 1, 13, '04-05-2020', 43.48),
(796, 1, 13, '04-06-2020', 66.24),
(797, 19, 17, '04-06-2020', 12.20),
(798, 19, 17, '04-06-2020', 19.09),
(799, 1, 13, '04-07-2020', 85.18),
(800, 1, 13, '04-07-2020', 56.22),
(801, 1, 13, '04-07-2020', 94.05),
(802, 1, 14, '04-09-2020', 11.20),
(803, 1, 14, '04-09-2020', 27.40),
(804, 1, 14, '04-09-2020', 27.10),
(805, 19, 17, '04-09-2020', 34.39),
(806, 19, 17, '04-10-2020', 37.87),
(807, 19, 17, '04-10-2020', 50.16),
(808, 19, 17, '04-10-2020', 53.35),
(809, 19, 17, '04-10-2020', 61.69),
(810, 19, 17, '04-10-2020', 72.06),
(811, 19, 17, '04-10-2020', 89.28),
(812, 19, 17, '04-10-2020', 80.22),
(813, 19, 9, '04-10-2020', 13.61),
(814, 1, 14, '04-12-2020', 39.06),
(815, 19, 9, '04-13-2020', 24.28),
(816, 19, 9, '04-13-2020', 30.97),
(817, 19, 9, '04-13-2020', 49.02),
(818, 1, 14, '04-15-2020', 39.34),
(819, 1, 14, '04-15-2020', 62.10),
(820, 1, 14, '04-16-2020', 55.73),
(821, 19, 9, '04-16-2020', 48.18),
(822, 19, 9, '04-16-2020', 69.49),
(823, 19, 9, '04-16-2020', 58.90),
(824, 19, 9, '04-17-2020', 53.32),
(825, 19, 9, '04-17-2020', 84.25),
(826, 1, 14, '04-19-2020', 87.02),
(827, 1, 14, '04-19-2020', 53.91),
(828, 1, 14, '04-19-2020', 87.05),
(829, 19, 9, '04-20-2020', 80.49),
(830, 1, 15, '04-21-2020', 11.60),
(831, 1, 15, '04-21-2020', 18.77),
(832, 1, 15, '04-21-2020', 36.95),
(833, 19, 10, '04-21-2020', 19.13),
(834, 19, 10, '04-23-2020', 20.04),
(835, 19, 10, '04-23-2020', 28.10),
(836, 1, 15, '04-24-2020', 43.58),
(837, 1, 15, '04-24-2020', 53.57),
(838, 1, 15, '04-24-2020', 57.08),
(839, 1, 15, '04-26-2020', 51.43),
(840, 19, 10, '04-26-2020', 43.35),
(841, 19, 10, '04-28-2020', 49.96),
(842, 19, 10, '04-28-2020', 43.90),
(843, 19, 10, '04-28-2020', 46.78),
(844, 19, 10, '04-28-2020', 77.26),
(845, 1, 15, '04-29-2020', 77.32),
(846, 1, 15, '04-29-2020', 91.46),
(847, 1, 15, '04-30-2020', 92.54),
(848, 19, 10, '04-30-2020', 72.14),
(849, 19, 10, '04-30-2020', 87.53),
(850, 19, 11, '04-30-2020', 18.50),
(851, 19, 11, '05-01-2020', 18.70),
(852, 1, 16, '05-03-2020', 11.46),
(853, 1, 16, '05-03-2020', 19.45),
(854, 1, 16, '05-03-2020', 29.56),
(855, 1, 16, '05-03-2020', 34.00),
(856, 19, 11, '05-03-2020', 36.38),
(857, 19, 11, '05-03-2020', 40.14),
(858, 19, 11, '05-03-2020', 37.96),
(859, 19, 11, '05-03-2020', 58.00),
(860, 1, 16, '05-06-2020', 32.00),
(861, 1, 16, '05-06-2020', 62.79),
(862, 1, 16, '05-06-2020', 48.29),
(863, 1, 16, '05-06-2020', 57.43),
(864, 1, 16, '05-06-2020', 92.27),
(865, 1, 16, '05-06-2020', 74.54),
(866, 1, 17, '05-06-2020', 10.80),
(867, 1, 17, '05-06-2020', 25.19),
(868, 19, 11, '05-06-2020', 52.96),
(869, 19, 11, '05-07-2020', 77.59),
(870, 19, 11, '05-07-2020', 68.02),
(871, 19, 11, '05-07-2020', 67.82),
(872, 19, 12, '05-07-2020', 13.38),
(873, 19, 12, '05-08-2020', 24.19),
(874, 19, 12, '05-08-2020', 37.51),
(875, 19, 12, '05-08-2020', 31.45),
(876, 19, 12, '05-08-2020', 48.81),
(877, 1, 17, '05-09-2020', 28.31),
(878, 1, 17, '05-09-2020', 28.46),
(879, 1, 17, '05-09-2020', 45.71),
(880, 1, 17, '05-09-2020', 53.24),
(881, 1, 17, '05-09-2020', 69.89),
(882, 19, 12, '05-09-2020', 41.48),
(883, 19, 12, '05-09-2020', 70.12),
(884, 19, 12, '05-09-2020', 73.66),
(885, 1, 17, '05-10-2020', 73.87),
(886, 1, 17, '05-10-2020', 63.67),
(887, 19, 12, '05-11-2020', 69.70),
(888, 19, 12, '05-11-2020', 81.88),
(889, 19, 13, '05-11-2020', 12.61),
(890, 19, 13, '05-12-2020', 21.26),
(891, 1, 17, '05-13-2020', 87.90),
(892, 1, 18, '05-13-2020', 10.36),
(893, 19, 13, '05-14-2020', 29.98),
(894, 19, 13, '05-14-2020', 45.63),
(895, 19, 13, '05-14-2020', 41.29),
(896, 19, 13, '05-14-2020', 47.87),
(897, 19, 13, '05-14-2020', 59.96),
(898, 19, 13, '05-15-2020', 72.44),
(899, 19, 13, '05-15-2020', 51.48),
(900, 1, 18, '05-16-2020', 20.89),
(901, 1, 18, '05-16-2020', 28.42),
(902, 1, 18, '05-16-2020', 39.87),
(903, 1, 18, '05-16-2020', 40.48),
(904, 19, 13, '05-16-2020', 71.98),
(905, 19, 14, '05-16-2020', 10.56),
(906, 19, 14, '05-16-2020', 24.01),
(907, 1, 18, '05-19-2020', 65.05),
(908, 1, 18, '05-19-2020', 55.80),
(909, 1, 18, '05-19-2020', 78.34),
(910, 1, 18, '05-19-2020', 80.75),
(911, 1, 18, '05-19-2020', 59.85),
(912, 1, 19, '05-19-2020', 16.76),
(913, 1, 19, '05-19-2020', 25.09),
(914, 1, 19, '05-19-2020', 30.74),
(915, 1, 19, '05-19-2020', 44.56),
(916, 1, 19, '05-19-2020', 40.19),
(917, 1, 19, '05-19-2020', 46.71),
(918, 1, 19, '05-19-2020', 62.84),
(919, 1, 19, '05-19-2020', 59.48),
(920, 19, 14, '05-19-2020', 35.71),
(921, 1, 19, '05-20-2020', 79.40),
(922, 1, 19, '05-20-2020', 74.04),
(923, 19, 14, '05-20-2020', 34.76),
(924, 19, 14, '05-22-2020', 49.33),
(925, 19, 14, '05-22-2020', 38.82),
(926, 19, 14, '05-22-2020', 72.29),
(927, 19, 14, '05-22-2020', 68.75),
(928, 19, 14, '05-22-2020', 89.11),
(929, 19, 14, '05-22-2020', 67.73),
(930, 1, 20, '05-23-2020', 13.14),
(931, 1, 20, '05-23-2020', 25.83),
(932, 1, 20, '05-24-2020', 33.96),
(933, 19, 15, '05-24-2020', 15.05),
(934, 1, 20, '05-26-2020', 44.08),
(935, 19, 15, '05-27-2020', 23.32),
(936, 19, 15, '05-27-2020', 24.88),
(937, 19, 15, '05-27-2020', 34.67),
(938, 19, 15, '05-27-2020', 38.49),
(939, 1, 20, '05-28-2020', 51.57),
(940, 19, 15, '05-30-2020', 50.10),
(941, 19, 15, '05-30-2020', 60.98),
(942, 19, 15, '05-30-2020', 66.63),
(943, 19, 15, '05-30-2020', 85.45),
(944, 19, 15, '05-30-2020', 70.22),
(945, 1, 20, '05-31-2020', 58.35),
(946, 1, 20, '05-31-2020', 60.35),
(947, 19, 16, '06-02-2020', 12.93),
(948, 19, 16, '06-02-2020', 24.22),
(949, 1, 20, '06-03-2020', 81.73),
(950, 1, 20, '06-03-2020', 76.99),
(951, 1, 20, '06-03-2020', 69.02),
(952, 1, 21, '06-03-2020', 18.72),
(953, 19, 16, '06-03-2020', 29.75),
(954, 19, 16, '06-03-2020', 33.92),
(955, 19, 16, '06-03-2020', 43.39),
(956, 19, 16, '06-03-2020', 46.51),
(957, 19, 16, '06-03-2020', 69.31),
(958, 19, 16, '06-03-2020', 69.10),
(959, 19, 16, '06-03-2020', 77.32),
(960, 19, 16, '06-03-2020', 94.95),
(961, 19, 17, '06-03-2020', 14.05),
(962, 12, 1, '06-06-2020', 18.01),
(963, 12, 1, '06-06-2020', 25.19),
(964, 19, 17, '06-06-2020', 19.41),
(965, 19, 17, '06-07-2020', 37.01),
(966, 19, 17, '06-07-2020', 39.26),
(967, 19, 17, '06-07-2020', 36.64),
(968, 19, 17, '06-07-2020', 61.25),
(969, 19, 17, '06-07-2020', 75.97),
(970, 12, 1, '06-08-2020', 27.81),
(971, 12, 1, '06-08-2020', 38.18),
(972, 12, 1, '06-09-2020', 37.60),
(973, 19, 17, '06-10-2020', 76.09),
(974, 19, 17, '06-10-2020', 64.96),
(975, 19, 17, '06-10-2020', 71.77),
(976, 19, 18, '06-10-2020', 12.63),
(977, 19, 18, '06-10-2020', 16.47),
(978, 19, 18, '06-10-2020', 29.57),
(979, 19, 18, '06-10-2020', 32.21),
(980, 19, 18, '06-10-2020', 46.67),
(981, 19, 18, '06-10-2020', 44.95),
(982, 19, 18, '06-10-2020', 41.19),
(983, 12, 1, '06-12-2020', 56.36),
(984, 12, 1, '06-12-2020', 66.63),
(985, 12, 1, '06-12-2020', 76.03),
(986, 12, 1, '06-12-2020', 68.01),
(987, 12, 1, '06-12-2020', 76.18),
(988, 19, 18, '06-12-2020', 80.28),
(989, 12, 2, '06-13-2020', 11.98),
(990, 12, 2, '06-15-2020', 26.89),
(991, 19, 18, '06-15-2020', 85.92),
(992, 19, 25, '06-16-2020', 12.34),
(993, 19, 25, '06-16-2020', 24.60),
(994, 19, 25, '06-16-2020', 25.21),
(995, 19, 25, '06-16-2020', 39.10),
(996, 19, 25, '06-17-2020', 53.75),
(997, 19, 25, '06-17-2020', 55.27),
(998, 12, 2, '06-18-2020', 27.51),
(999, 19, 25, '06-18-2020', 72.48),
(1000, 12, 2, '06-19-2020', 37.01),
(1001, 12, 2, '06-19-2020', 42.49),
(1002, 19, 25, '06-19-2020', 64.62),
(1003, 19, 25, '06-20-2020', 57.90),
(1004, 19, 25, '06-20-2020', 96.67),
(1005, 12, 2, '06-22-2020', 60.06),
(1006, 12, 2, '06-22-2020', 47.99),
(1007, 12, 2, '06-22-2020', 68.88),
(1008, 12, 2, '06-22-2020', 54.51),
(1009, 12, 3, '06-22-2020', 16.63),
(1010, 12, 3, '06-22-2020', 26.85),
(1011, 12, 3, '06-22-2020', 38.13),
(1012, 12, 3, '06-22-2020', 36.64),
(1013, 19, 20, '06-22-2020', 19.61),
(1014, 12, 3, '06-23-2020', 43.16),
(1015, 12, 3, '06-23-2020', 43.89),
(1016, 12, 3, '06-23-2020', 69.73),
(1017, 12, 3, '06-23-2020', 56.21),
(1018, 12, 3, '06-23-2020', 88.46),
(1019, 12, 3, '06-23-2020', 65.09),
(1020, 12, 4, '06-23-2020', 16.12),
(1021, 12, 4, '06-23-2020', 25.49),
(1022, 12, 4, '06-23-2020', 35.94),
(1023, 12, 4, '06-23-2020', 38.93),
(1024, 12, 4, '06-23-2020', 43.22),
(1025, 12, 4, '06-23-2020', 57.64),
(1026, 12, 4, '06-23-2020', 56.23),
(1027, 12, 4, '06-23-2020', 79.42),
(1028, 12, 4, '06-23-2020', 87.38),
(1029, 12, 4, '06-23-2020', 67.93),
(1030, 19, 20, '06-23-2020', 26.36),
(1031, 19, 20, '06-23-2020', 26.01),
(1032, 19, 20, '06-24-2020', 43.14),
(1033, 19, 20, '06-24-2020', 50.15),
(1034, 12, 5, '06-25-2020', 11.31),
(1035, 12, 5, '06-25-2020', 23.20),
(1036, 19, 20, '06-25-2020', 51.99),
(1037, 12, 5, '06-26-2020', 31.45),
(1038, 12, 5, '06-26-2020', 34.82),
(1039, 19, 20, '06-26-2020', 79.05),
(1040, 19, 20, '06-26-2020', 68.36),
(1041, 19, 20, '06-28-2020', 55.41),
(1042, 19, 20, '06-28-2020', 64.31),
(1043, 19, 21, '06-28-2020', 16.45),
(1044, 12, 5, '06-29-2020', 40.73),
(1045, 12, 5, '06-29-2020', 44.03),
(1046, 5, 1, '06-30-2020', 14.45),
(1047, 5, 1, '06-30-2020', 20.74),
(1048, 5, 1, '06-30-2020', 23.90),
(1049, 12, 5, '07-01-2020', 74.44),
(1050, 12, 5, '07-01-2020', 85.19),
(1051, 12, 5, '07-01-2020', 96.30),
(1052, 5, 1, '07-02-2020', 41.08),
(1053, 5, 1, '07-02-2020', 36.47),
(1054, 5, 1, '07-02-2020', 48.99),
(1055, 12, 6, '07-04-2020', 10.04),
(1056, 12, 6, '07-04-2020', 22.49),
(1057, 5, 1, '07-05-2020', 52.92),
(1058, 12, 6, '07-05-2020', 35.27),
(1059, 5, 1, '07-06-2020', 74.76),
(1060, 5, 1, '07-06-2020', 84.16),
(1061, 5, 1, '07-06-2020', 78.97),
(1062, 12, 6, '07-06-2020', 33.17),
(1063, 12, 6, '07-06-2020', 43.07),
(1064, 12, 6, '07-06-2020', 44.36),
(1065, 12, 6, '07-06-2020', 52.45),
(1066, 12, 6, '07-06-2020', 72.51),
(1067, 12, 6, '07-06-2020', 81.50),
(1068, 5, 2, '07-07-2020', 13.87),
(1069, 12, 7, '07-09-2020', 12.01),
(1070, 12, 7, '07-09-2020', 19.73),
(1071, 5, 2, '07-10-2020', 21.17),
(1072, 5, 2, '07-10-2020', 21.02),
(1073, 5, 2, '07-10-2020', 42.19),
(1074, 5, 2, '07-10-2020', 47.47),
(1075, 5, 2, '07-10-2020', 59.62),
(1076, 5, 2, '07-10-2020', 77.44),
(1077, 12, 7, '07-10-2020', 27.50),
(1078, 12, 7, '07-10-2020', 43.38),
(1079, 12, 7, '07-10-2020', 42.91),
(1080, 12, 7, '07-10-2020', 59.01),
(1081, 12, 7, '07-10-2020', 61.46),
(1082, 5, 2, '07-13-2020', 69.09),
(1083, 5, 2, '07-13-2020', 82.12),
(1084, 5, 2, '07-13-2020', 61.81),
(1085, 5, 3, '07-13-2020', 17.45),
(1086, 5, 3, '07-13-2020', 21.59),
(1087, 5, 3, '07-13-2020', 22.48),
(1088, 12, 7, '07-13-2020', 59.52),
(1089, 12, 7, '07-13-2020', 70.47),
(1090, 5, 3, '07-15-2020', 37.00),
(1091, 12, 7, '07-16-2020', 70.76),
(1092, 12, 8, '07-16-2020', 18.02),
(1093, 12, 8, '07-16-2020', 27.26),
(1094, 12, 8, '07-16-2020', 35.99),
(1095, 12, 8, '07-16-2020', 33.73),
(1096, 12, 8, '07-16-2020', 54.39),
(1097, 12, 8, '07-16-2020', 58.38),
(1098, 12, 8, '07-17-2020', 49.96),
(1099, 12, 8, '07-17-2020', 74.75),
(1100, 12, 8, '07-17-2020', 70.81),
(1101, 5, 3, '07-18-2020', 57.29),
(1102, 5, 3, '07-18-2020', 62.60),
(1103, 5, 3, '07-18-2020', 64.12),
(1104, 12, 8, '07-19-2020', 100.00),
(1105, 5, 3, '07-21-2020', 61.39),
(1106, 5, 3, '07-21-2020', 77.46),
(1107, 5, 3, '07-21-2020', 81.20),
(1108, 5, 4, '07-21-2020', 18.51),
(1109, 5, 4, '07-21-2020', 25.70),
(1110, 12, 9, '07-21-2020', 10.22),
(1111, 5, 4, '07-24-2020', 31.34),
(1112, 5, 4, '07-24-2020', 39.68),
(1113, 5, 4, '07-24-2020', 42.46),
(1114, 5, 4, '07-24-2020', 61.84),
(1115, 5, 4, '07-24-2020', 70.64),
(1116, 12, 9, '07-24-2020', 21.64),
(1117, 12, 9, '07-24-2020', 31.17),
(1118, 12, 9, '07-24-2020', 29.48),
(1119, 5, 4, '07-25-2020', 72.44),
(1120, 12, 9, '07-27-2020', 49.20),
(1121, 12, 9, '07-27-2020', 48.61),
(1122, 12, 9, '07-27-2020', 78.35),
(1123, 12, 9, '07-27-2020', 66.44),
(1124, 12, 9, '07-27-2020', 64.56),
(1125, 5, 4, '07-28-2020', 79.07),
(1126, 5, 27, '07-28-2020', 16.36),
(1127, 5, 27, '07-28-2020', 24.75),
(1128, 5, 27, '07-28-2020', 26.75),
(1129, 5, 27, '07-28-2020', 26.94),
(1130, 5, 27, '07-29-2020', 37.28),
(1131, 5, 27, '07-29-2020', 50.51),
(1132, 5, 27, '07-29-2020', 71.25),
(1133, 12, 10, '07-30-2020', 13.24),
(1134, 12, 10, '07-30-2020', 16.36),
(1135, 12, 10, '07-31-2020', 38.55),
(1136, 5, 27, '08-01-2020', 78.16),
(1137, 5, 27, '08-01-2020', 87.87),
(1138, 5, 27, '08-02-2020', 95.64),
(1139, 12, 10, '08-02-2020', 40.70),
(1140, 9, 25, '08-03-2020', 18.32),
(1141, 5, 6, '08-04-2020', 18.06),
(1142, 12, 10, '08-04-2020', 47.57),
(1143, 12, 10, '08-04-2020', 49.27),
(1144, 12, 10, '08-04-2020', 48.54),
(1145, 5, 6, '08-05-2020', 28.70),
(1146, 5, 6, '08-05-2020', 26.57),
(1147, 5, 6, '08-05-2020', 40.56),
(1148, 5, 6, '08-05-2020', 56.27),
(1149, 9, 25, '08-06-2020', 20.85),
(1150, 12, 10, '08-07-2020', 65.59),
(1151, 12, 10, '08-07-2020', 53.75),
(1152, 12, 10, '08-07-2020', 83.01),
(1153, 12, 11, '08-07-2020', 10.00),
(1154, 12, 11, '08-07-2020', 20.45),
(1155, 12, 11, '08-07-2020', 31.86),
(1156, 5, 6, '08-08-2020', 62.91),
(1157, 5, 6, '08-08-2020', 57.97),
(1158, 5, 6, '08-08-2020', 75.37),
(1159, 9, 25, '08-09-2020', 32.38),
(1160, 9, 25, '08-09-2020', 46.95),
(1161, 9, 25, '08-09-2020', 45.79),
(1162, 9, 25, '08-09-2020', 64.43),
(1163, 9, 25, '08-09-2020', 59.90),
(1164, 9, 25, '08-09-2020', 52.06),
(1165, 12, 11, '08-09-2020', 30.33),
(1166, 12, 11, '08-10-2020', 38.87),
(1167, 12, 11, '08-10-2020', 59.10),
(1168, 12, 11, '08-10-2020', 59.09),
(1169, 5, 6, '08-11-2020', 93.64),
(1170, 5, 6, '08-11-2020', 83.26),
(1171, 5, 22, '08-11-2020', 18.26),
(1172, 5, 22, '08-12-2020', 16.24),
(1173, 5, 22, '08-12-2020', 30.25),
(1174, 9, 25, '08-12-2020', 77.20),
(1175, 12, 11, '08-12-2020', 74.71),
(1176, 12, 11, '08-12-2020', 58.69),
(1177, 12, 11, '08-12-2020', 67.13),
(1178, 5, 22, '08-13-2020', 41.81),
(1179, 5, 22, '08-13-2020', 48.75),
(1180, 12, 12, '08-13-2020', 19.35),
(1181, 12, 12, '08-13-2020', 20.89),
(1182, 12, 12, '08-13-2020', 32.49),
(1183, 5, 22, '08-14-2020', 48.80),
(1184, 5, 7, '08-14-2020', 53.71),
(1185, 5, 7, '08-14-2020', 63.51),
(1186, 5, 7, '08-14-2020', 72.27),
(1187, 9, 25, '08-14-2020', 96.85),
(1188, 12, 12, '08-16-2020', 32.23),
(1189, 12, 12, '08-16-2020', 40.27),
(1190, 12, 12, '08-16-2020', 46.15),
(1191, 12, 12, '08-16-2020', 57.00),
(1192, 12, 12, '08-16-2020', 57.43),
(1193, 12, 12, '08-16-2020', 77.36),
(1194, 12, 12, '08-16-2020', 82.80),
(1195, 12, 13, '08-16-2020', 15.29),
(1196, 12, 13, '08-16-2020', 25.39),
(1197, 12, 13, '08-16-2020', 28.42),
(1198, 12, 13, '08-16-2020', 46.17),
(1199, 12, 13, '08-16-2020', 54.76),
(1200, 12, 13, '08-16-2020', 57.90),
(1201, 12, 13, '08-16-2020', 56.68),
(1202, 12, 13, '08-16-2020', 53.79),
(1203, 12, 13, '08-16-2020', 64.46),
(1204, 12, 13, '08-16-2020', 63.74),
(1205, 12, 14, '08-16-2020', 13.94),
(1206, 12, 14, '08-16-2020', 23.44),
(1207, 12, 14, '08-16-2020', 24.94),
(1208, 12, 14, '08-16-2020', 37.95),
(1209, 12, 14, '08-16-2020', 38.41),
(1210, 12, 14, '08-16-2020', 46.82),
(1211, 12, 14, '08-16-2020', 65.19),
(1212, 12, 14, '08-16-2020', 56.01),
(1213, 12, 14, '08-16-2020', 70.47),
(1214, 12, 14, '08-16-2020', 97.02),
(1215, 12, 15, '08-16-2020', 17.21),
(1216, 12, 15, '08-16-2020', 19.14),
(1217, 12, 15, '08-16-2020', 33.91),
(1218, 12, 15, '08-16-2020', 40.26),
(1219, 12, 15, '08-16-2020', 42.36),
(1220, 12, 15, '08-16-2020', 52.80),
(1221, 12, 15, '08-16-2020', 68.44),
(1222, 12, 15, '08-16-2020', 76.99),
(1223, 5, 7, '08-17-2020', 80.37),
(1224, 5, 17, '08-17-2020', 17.49),
(1225, 9, 2, '08-17-2020', 17.88),
(1226, 9, 2, '08-17-2020', 20.17),
(1227, 9, 2, '08-17-2020', 34.96),
(1228, 9, 2, '08-18-2020', 41.76),
(1229, 5, 17, '08-19-2020', 22.66),
(1230, 5, 17, '08-19-2020', 28.66),
(1231, 9, 2, '08-19-2020', 52.31),
(1232, 9, 2, '08-19-2020', 52.20),
(1233, 9, 2, '08-19-2020', 69.07),
(1234, 9, 2, '08-19-2020', 81.87),
(1235, 9, 2, '08-19-2020', 55.40),
(1236, 9, 2, '08-19-2020', 87.80),
(1237, 9, 3, '08-19-2020', 12.45),
(1238, 9, 3, '08-19-2020', 25.31),
(1239, 12, 15, '08-19-2020', 66.37),
(1240, 12, 15, '08-19-2020', 87.83),
(1241, 12, 16, '08-19-2020', 13.69),
(1242, 12, 16, '08-19-2020', 18.96),
(1243, 9, 3, '08-20-2020', 24.02),
(1244, 5, 17, '08-21-2020', 35.32),
(1245, 5, 17, '08-21-2020', 38.97),
(1246, 9, 3, '08-21-2020', 36.37),
(1247, 9, 3, '08-21-2020', 44.92),
(1248, 9, 3, '08-21-2020', 54.27),
(1249, 9, 3, '08-21-2020', 70.39),
(1250, 9, 3, '08-21-2020', 64.22),
(1251, 12, 16, '08-21-2020', 25.52),
(1252, 12, 16, '08-21-2020', 33.86),
(1253, 12, 16, '08-22-2020', 51.11),
(1254, 12, 16, '08-22-2020', 60.64),
(1255, 5, 17, '08-23-2020', 55.14),
(1256, 5, 17, '08-23-2020', 48.93),
(1257, 5, 17, '08-23-2020', 71.56),
(1258, 9, 3, '08-23-2020', 74.73),
(1259, 9, 3, '08-23-2020', 66.98),
(1260, 12, 16, '08-23-2020', 54.49),
(1261, 12, 16, '08-23-2020', 49.98),
(1262, 12, 16, '08-23-2020', 70.00),
(1263, 12, 16, '08-23-2020', 66.83),
(1264, 12, 17, '08-23-2020', 17.53),
(1265, 12, 17, '08-23-2020', 27.19),
(1266, 12, 17, '08-23-2020', 33.61),
(1267, 9, 4, '08-24-2020', 14.32),
(1268, 12, 17, '08-24-2020', 36.15),
(1269, 12, 17, '08-25-2020', 46.80),
(1270, 12, 17, '08-25-2020', 45.62),
(1271, 12, 17, '08-25-2020', 63.26),
(1272, 12, 17, '08-25-2020', 69.95),
(1273, 5, 17, '08-26-2020', 91.24),
(1274, 5, 17, '08-26-2020', 77.07),
(1275, 9, 4, '08-27-2020', 19.11),
(1276, 9, 4, '08-27-2020', 34.80),
(1277, 9, 4, '08-27-2020', 36.58),
(1278, 9, 4, '08-27-2020', 42.26),
(1279, 9, 4, '08-27-2020', 58.75),
(1280, 5, 9, '08-28-2020', 13.19),
(1281, 5, 9, '08-28-2020', 23.86),
(1282, 5, 9, '08-28-2020', 28.64),
(1283, 5, 9, '08-28-2020', 41.00),
(1284, 9, 4, '08-28-2020', 61.26),
(1285, 12, 17, '08-28-2020', 69.90),
(1286, 12, 17, '08-28-2020', 85.42),
(1287, 5, 9, '08-29-2020', 45.44),
(1288, 5, 9, '08-29-2020', 43.09),
(1289, 5, 9, '08-29-2020', 58.87),
(1290, 5, 9, '08-29-2020', 68.39),
(1291, 9, 4, '08-30-2020', 48.32),
(1292, 9, 4, '08-30-2020', 56.47),
(1293, 9, 4, '08-30-2020', 68.31),
(1294, 12, 18, '08-30-2020', 17.98),
(1295, 12, 18, '08-30-2020', 25.05),
(1296, 12, 18, '08-30-2020', 31.39),
(1297, 12, 18, '08-30-2020', 36.95),
(1298, 12, 18, '08-30-2020', 44.59),
(1299, 12, 18, '08-30-2020', 51.95),
(1300, 5, 9, '08-31-2020', 67.65),
(1301, 5, 9, '08-31-2020', 66.06),
(1302, 5, 10, '08-31-2020', 10.98),
(1303, 5, 10, '08-31-2020', 25.33),
(1304, 5, 10, '08-31-2020', 35.64),
(1305, 5, 10, '08-31-2020', 28.57),
(1306, 5, 10, '08-31-2020', 46.15),
(1307, 5, 10, '08-31-2020', 66.28),
(1308, 9, 5, '08-31-2020', 16.79),
(1309, 9, 5, '08-31-2020', 23.11),
(1310, 9, 5, '08-31-2020', 28.94),
(1311, 9, 5, '08-31-2020', 43.54),
(1312, 9, 5, '08-31-2020', 44.92),
(1313, 12, 18, '08-31-2020', 48.00),
(1314, 5, 10, '09-01-2020', 45.92),
(1315, 9, 5, '09-01-2020', 53.39),
(1316, 9, 5, '09-01-2020', 43.44),
(1317, 9, 5, '09-01-2020', 52.73),
(1318, 9, 5, '09-01-2020', 56.97),
(1319, 9, 5, '09-01-2020', 66.69),
(1320, 9, 6, '09-01-2020', 16.24),
(1321, 9, 6, '09-01-2020', 17.42),
(1322, 9, 6, '09-01-2020', 25.51),
(1323, 12, 18, '09-01-2020', 57.30),
(1324, 9, 6, '09-02-2020', 45.84),
(1325, 9, 6, '09-02-2020', 45.84),
(1326, 9, 6, '09-02-2020', 52.50),
(1327, 9, 6, '09-02-2020', 61.64),
(1328, 9, 6, '09-02-2020', 76.85),
(1329, 9, 6, '09-02-2020', 92.17),
(1330, 9, 6, '09-03-2020', 94.43),
(1331, 9, 7, '09-03-2020', 18.08),
(1332, 12, 18, '09-03-2020', 88.91),
(1333, 12, 18, '09-03-2020', 90.73),
(1334, 12, 19, '09-03-2020', 15.73),
(1335, 12, 19, '09-03-2020', 26.14),
(1336, 12, 19, '09-03-2020', 34.81),
(1337, 12, 19, '09-03-2020', 42.12),
(1338, 12, 19, '09-03-2020', 45.54),
(1339, 12, 19, '09-03-2020', 49.54),
(1340, 5, 10, '09-04-2020', 78.17),
(1341, 12, 19, '09-05-2020', 66.88),
(1342, 12, 19, '09-05-2020', 73.42),
(1343, 12, 19, '09-05-2020', 88.27),
(1344, 9, 7, '09-06-2020', 21.10),
(1345, 9, 7, '09-06-2020', 27.18),
(1346, 5, 10, '09-07-2020', 89.61),
(1347, 5, 10, '09-07-2020', 77.88),
(1348, 12, 19, '09-07-2020', 82.89),
(1349, 12, 20, '09-07-2020', 16.19),
(1350, 12, 20, '09-08-2020', 19.07),
(1351, 5, 11, '09-09-2020', 15.65),
(1352, 5, 11, '09-09-2020', 20.79),
(1353, 9, 7, '09-09-2020', 42.24),
(1354, 9, 7, '09-09-2020', 39.40),
(1355, 12, 20, '09-09-2020', 30.12),
(1356, 9, 7, '09-10-2020', 55.88),
(1357, 9, 7, '09-10-2020', 68.13),
(1358, 12, 20, '09-11-2020', 44.43),
(1359, 5, 11, '09-12-2020', 30.47),
(1360, 5, 11, '09-12-2020', 28.68),
(1361, 9, 7, '09-12-2020', 73.59),
(1362, 9, 7, '09-12-2020', 75.51),
(1363, 9, 7, '09-12-2020', 73.56),
(1364, 9, 17, '09-12-2020', 10.64),
(1365, 9, 17, '09-12-2020', 25.14),
(1366, 9, 17, '09-12-2020', 35.79),
(1367, 12, 20, '09-13-2020', 37.92),
(1368, 12, 20, '09-13-2020', 58.71),
(1369, 9, 17, '09-14-2020', 43.45),
(1370, 9, 17, '09-14-2020', 49.71),
(1371, 9, 17, '09-14-2020', 45.46),
(1372, 9, 17, '09-14-2020', 52.08),
(1373, 9, 17, '09-14-2020', 79.09),
(1374, 9, 17, '09-14-2020', 57.05),
(1375, 9, 17, '09-14-2020', 79.40),
(1376, 9, 9, '09-14-2020', 11.64),
(1377, 9, 9, '09-14-2020', 23.91),
(1378, 9, 9, '09-14-2020', 29.28),
(1379, 9, 9, '09-14-2020', 26.58),
(1380, 12, 20, '09-14-2020', 66.49),
(1381, 12, 20, '09-14-2020', 79.73),
(1382, 5, 11, '09-15-2020', 40.52),
(1383, 5, 11, '09-15-2020', 53.51),
(1384, 5, 11, '09-15-2020', 68.38),
(1385, 5, 11, '09-15-2020', 80.88),
(1386, 9, 9, '09-15-2020', 44.48),
(1387, 9, 9, '09-15-2020', 55.27),
(1388, 12, 20, '09-15-2020', 95.42),
(1389, 5, 11, '09-17-2020', 80.17),
(1390, 5, 11, '09-17-2020', 97.19),
(1391, 12, 20, '09-17-2020', 71.29),
(1392, 12, 21, '09-17-2020', 10.38),
(1393, 12, 21, '09-17-2020', 19.96),
(1394, 12, 21, '09-17-2020', 31.33),
(1395, 12, 21, '09-17-2020', 28.70),
(1396, 9, 9, '09-18-2020', 69.07),
(1397, 5, 12, '09-19-2020', 15.08),
(1398, 5, 12, '09-19-2020', 23.59),
(1399, 5, 12, '09-20-2020', 39.15),
(1400, 5, 12, '09-20-2020', 41.78),
(1401, 5, 12, '09-20-2020', 40.55),
(1402, 5, 12, '09-20-2020', 46.39),
(1403, 5, 12, '09-20-2020', 73.79),
(1404, 5, 12, '09-20-2020', 56.19),
(1405, 9, 9, '09-21-2020', 59.72),
(1406, 9, 9, '09-21-2020', 89.02),
(1407, 9, 10, '09-22-2020', 10.55),
(1408, 9, 10, '09-22-2020', 22.07),
(1409, 5, 12, '09-23-2020', 74.06),
(1410, 5, 12, '09-23-2020', 68.80),
(1411, 5, 23, '09-24-2020', 18.23),
(1412, 5, 23, '09-24-2020', 22.78),
(1413, 5, 23, '09-24-2020', 28.42),
(1414, 5, 23, '09-24-2020', 39.66),
(1415, 5, 23, '09-24-2020', 37.82),
(1416, 5, 23, '09-24-2020', 43.30),
(1417, 5, 23, '09-24-2020', 60.85),
(1418, 5, 23, '09-24-2020', 63.63),
(1419, 9, 10, '09-24-2020', 28.35),
(1420, 5, 23, '09-25-2020', 83.93),
(1421, 5, 23, '09-25-2020', 76.37),
(1422, 5, 14, '09-25-2020', 12.14),
(1423, 5, 14, '09-27-2020', 21.63),
(1424, 5, 14, '09-27-2020', 30.50),
(1425, 9, 10, '09-27-2020', 34.99),
(1426, 9, 10, '09-27-2020', 34.00),
(1427, 9, 10, '09-27-2020', 56.09),
(1428, 5, 14, '09-28-2020', 35.22),
(1429, 5, 14, '09-29-2020', 33.47),
(1430, 5, 14, '09-29-2020', 39.39),
(1431, 5, 14, '09-29-2020', 63.12),
(1432, 9, 10, '09-30-2020', 66.01),
(1433, 9, 10, '09-30-2020', 78.03),
(1434, 9, 10, '09-30-2020', 90.43),
(1435, 9, 10, '10-01-2020', 66.22),
(1436, 9, 29, '10-01-2020', 12.46),
(1437, 9, 29, '10-01-2020', 18.10),
(1438, 9, 29, '10-01-2020', 32.29),
(1439, 9, 29, '10-01-2020', 41.16),
(1440, 5, 14, '10-02-2020', 52.75),
(1441, 5, 14, '10-02-2020', 58.89),
(1442, 5, 14, '10-02-2020', 65.82),
(1443, 5, 15, '10-02-2020', 15.26),
(1444, 5, 15, '10-02-2020', 28.14),
(1445, 5, 15, '10-02-2020', 29.93),
(1446, 5, 15, '10-03-2020', 26.03),
(1447, 9, 29, '10-04-2020', 54.41),
(1448, 9, 29, '10-04-2020', 55.36),
(1449, 5, 15, '10-06-2020', 45.88),
(1450, 5, 15, '10-06-2020', 39.97),
(1451, 5, 15, '10-06-2020', 43.19),
(1452, 9, 29, '10-06-2020', 62.96),
(1453, 9, 29, '10-06-2020', 51.78),
(1454, 9, 29, '10-06-2020', 55.99),
(1455, 9, 29, '10-06-2020', 67.65),
(1456, 5, 15, '10-09-2020', 75.08),
(1457, 5, 15, '10-09-2020', 92.17),
(1458, 5, 16, '10-09-2020', 11.27),
(1459, 5, 16, '10-09-2020', 25.59),
(1460, 5, 16, '10-09-2020', 31.86),
(1461, 9, 12, '10-09-2020', 10.95),
(1462, 9, 12, '10-09-2020', 28.15),
(1463, 9, 12, '10-09-2020', 38.40),
(1464, 9, 12, '10-09-2020', 40.21),
(1465, 9, 12, '10-09-2020', 42.55),
(1466, 9, 12, '10-09-2020', 56.78),
(1467, 9, 12, '10-10-2020', 51.06),
(1468, 9, 12, '10-10-2020', 84.64),
(1469, 5, 16, '10-12-2020', 34.90),
(1470, 5, 16, '10-12-2020', 42.22),
(1471, 5, 16, '10-12-2020', 60.75),
(1472, 5, 16, '10-12-2020', 52.91),
(1473, 5, 16, '10-12-2020', 68.17),
(1474, 5, 16, '10-12-2020', 94.08),
(1475, 5, 16, '10-12-2020', 81.73),
(1476, 5, 17, '10-12-2020', 10.54),
(1477, 9, 12, '10-13-2020', 64.99),
(1478, 9, 12, '10-13-2020', 86.24),
(1479, 9, 13, '10-13-2020', 16.77),
(1480, 9, 13, '10-13-2020', 22.10),
(1481, 5, 17, '10-14-2020', 27.29),
(1482, 9, 13, '10-14-2020', 22.51),
(1483, 9, 13, '10-14-2020', 47.07),
(1484, 9, 13, '10-14-2020', 45.04),
(1485, 9, 13, '10-14-2020', 46.30),
(1486, 5, 17, '10-15-2020', 28.03),
(1487, 9, 13, '10-15-2020', 48.75),
(1488, 9, 13, '10-15-2020', 61.17),
(1489, 9, 13, '10-16-2020', 79.08),
(1490, 5, 17, '10-17-2020', 40.78),
(1491, 5, 17, '10-17-2020', 47.78),
(1492, 5, 17, '10-17-2020', 47.87),
(1493, 9, 13, '10-17-2020', 76.74),
(1494, 9, 14, '10-17-2020', 13.09);
INSERT INTO `rozgrywki` (`ID_rozgr`, `ID_gracza`, `ID_mapy`, `Data_rozgrywki`, `Wynik`) VALUES
(1495, 5, 17, '10-18-2020', 60.64),
(1496, 5, 17, '10-18-2020', 59.31),
(1497, 5, 17, '10-18-2020', 59.29),
(1498, 5, 17, '10-18-2020', 98.67),
(1499, 5, 18, '10-18-2020', 18.13),
(1500, 5, 18, '10-18-2020', 21.37),
(1501, 5, 18, '10-18-2020', 28.94),
(1502, 5, 18, '10-18-2020', 27.26),
(1503, 9, 14, '10-19-2020', 23.37),
(1504, 9, 14, '10-19-2020', 31.30),
(1505, 9, 14, '10-19-2020', 36.30),
(1506, 5, 18, '10-20-2020', 54.33),
(1507, 9, 14, '10-21-2020', 46.61),
(1508, 9, 14, '10-21-2020', 60.61),
(1509, 9, 14, '10-21-2020', 47.86),
(1510, 9, 14, '10-21-2020', 62.56),
(1511, 9, 14, '10-21-2020', 64.50),
(1512, 9, 14, '10-21-2020', 77.75),
(1513, 9, 15, '10-21-2020', 10.92),
(1514, 9, 15, '10-21-2020', 24.88),
(1515, 9, 15, '10-21-2020', 35.44),
(1516, 5, 18, '10-22-2020', 58.83),
(1517, 5, 18, '10-22-2020', 72.65),
(1518, 5, 18, '10-22-2020', 62.01),
(1519, 5, 18, '10-22-2020', 58.41),
(1520, 9, 15, '10-22-2020', 37.17),
(1521, 9, 15, '10-22-2020', 51.28),
(1522, 5, 18, '10-23-2020', 77.75),
(1523, 5, 19, '10-23-2020', 19.54),
(1524, 5, 19, '10-23-2020', 18.59),
(1525, 5, 19, '10-23-2020', 30.13),
(1526, 5, 19, '10-23-2020', 39.51),
(1527, 9, 15, '10-23-2020', 56.20),
(1528, 9, 15, '10-23-2020', 67.03),
(1529, 5, 19, '10-25-2020', 44.09),
(1530, 9, 15, '10-25-2020', 81.38),
(1531, 5, 19, '10-27-2020', 46.64),
(1532, 5, 19, '10-27-2020', 60.67),
(1533, 5, 19, '10-27-2020', 75.23),
(1534, 5, 19, '10-27-2020', 76.62),
(1535, 5, 19, '10-27-2020', 63.18),
(1536, 5, 20, '10-27-2020', 14.25),
(1537, 9, 15, '10-28-2020', 69.48),
(1538, 5, 20, '10-30-2020', 21.33),
(1539, 5, 20, '10-30-2020', 24.87),
(1540, 9, 15, '10-30-2020', 75.42),
(1541, 9, 16, '10-30-2020', 13.24),
(1542, 5, 20, '10-31-2020', 38.06),
(1543, 5, 20, '11-01-2020', 44.08),
(1544, 9, 16, '11-01-2020', 24.95),
(1545, 9, 16, '11-01-2020', 33.82),
(1546, 5, 20, '11-02-2020', 68.46),
(1547, 5, 20, '11-02-2020', 73.70),
(1548, 5, 20, '11-03-2020', 67.95),
(1549, 5, 20, '11-03-2020', 85.02),
(1550, 5, 21, '11-03-2020', 11.42),
(1551, 5, 21, '11-03-2020', 19.74),
(1552, 5, 21, '11-03-2020', 27.83),
(1553, 9, 16, '11-03-2020', 45.97),
(1554, 9, 16, '11-03-2020', 38.27),
(1555, 9, 16, '11-03-2020', 65.95),
(1556, 9, 16, '11-05-2020', 54.53),
(1557, 9, 16, '11-05-2020', 84.83),
(1558, 9, 16, '11-05-2020', 81.54),
(1559, 9, 16, '11-05-2020', 88.30),
(1560, 9, 17, '11-05-2020', 19.30),
(1561, 9, 17, '11-05-2020', 24.53),
(1562, 9, 17, '11-05-2020', 36.68),
(1563, 9, 17, '11-07-2020', 36.37),
(1564, 9, 17, '11-08-2020', 53.28),
(1565, 9, 17, '11-08-2020', 63.08),
(1566, 9, 17, '11-08-2020', 65.12),
(1567, 9, 17, '11-08-2020', 76.28),
(1568, 9, 17, '11-10-2020', 68.32),
(1569, 9, 26, '11-10-2020', 10.22),
(1570, 9, 26, '11-11-2020', 23.40),
(1571, 9, 26, '11-11-2020', 29.98),
(1572, 9, 26, '11-12-2020', 31.81),
(1573, 9, 26, '11-15-2020', 48.11),
(1574, 9, 26, '11-18-2020', 58.86),
(1575, 9, 26, '11-18-2020', 64.46),
(1576, 9, 26, '11-20-2020', 58.40),
(1577, 9, 26, '11-22-2020', 77.07),
(1578, 9, 26, '11-22-2020', 71.99),
(1579, 9, 19, '11-22-2020', 14.52),
(1580, 9, 19, '11-22-2020', 26.01),
(1581, 9, 19, '11-22-2020', 29.34),
(1582, 9, 19, '11-22-2020', 37.20),
(1583, 9, 19, '11-22-2020', 38.18),
(1584, 9, 19, '11-22-2020', 60.44),
(1585, 9, 19, '11-22-2020', 49.77),
(1586, 9, 19, '11-25-2020', 65.30),
(1587, 9, 19, '11-28-2020', 78.72),
(1588, 9, 19, '11-28-2020', 88.72),
(1589, 9, 20, '11-28-2020', 19.09),
(1590, 9, 20, '11-30-2020', 22.32),
(1591, 9, 20, '11-30-2020', 30.25),
(1592, 9, 20, '11-30-2020', 41.88),
(1593, 9, 20, '11-30-2020', 38.99),
(1594, 9, 20, '11-30-2020', 57.07),
(1595, 9, 20, '11-30-2020', 66.63),
(1596, 9, 20, '11-30-2020', 81.78),
(1597, 9, 20, '11-30-2020', 77.47),
(1598, 9, 20, '11-30-2020', 63.86),
(1599, 9, 21, '11-30-2020', 10.28),
(1600, 9, 21, '11-30-2020', 21.36),
(1601, 11, 1, '03-03-2021', 10.69),
(1602, 11, 1, '03-03-2021', 23.02),
(1603, 11, 1, '03-03-2021', 34.45),
(1604, 11, 1, '03-05-2021', 35.95),
(1605, 11, 1, '03-07-2021', 43.19),
(1606, 11, 1, '03-07-2021', 47.63),
(1607, 11, 1, '03-10-2021', 43.56),
(1608, 11, 1, '03-10-2021', 77.85),
(1609, 11, 1, '03-10-2021', 74.58),
(1610, 11, 1, '03-11-2021', 100.00),
(1611, 11, 2, '03-11-2021', 11.47),
(1612, 11, 2, '03-11-2021', 27.71),
(1613, 11, 2, '03-11-2021', 30.71),
(1614, 11, 2, '03-11-2021', 38.87),
(1615, 11, 2, '03-11-2021', 38.79),
(1616, 11, 2, '03-12-2021', 49.89),
(1617, 11, 2, '03-15-2021', 77.28),
(1618, 11, 2, '03-15-2021', 58.00),
(1619, 11, 2, '03-18-2021', 70.47),
(1620, 11, 2, '03-18-2021', 89.86),
(1621, 11, 3, '03-19-2021', 19.34),
(1622, 11, 3, '03-19-2021', 24.27),
(1623, 11, 3, '03-19-2021', 28.26),
(1624, 11, 3, '03-19-2021', 32.91),
(1625, 11, 3, '03-19-2021', 40.35),
(1626, 11, 3, '03-19-2021', 48.80),
(1627, 11, 3, '03-19-2021', 67.66),
(1628, 11, 3, '03-19-2021', 52.23),
(1629, 11, 3, '03-21-2021', 80.63),
(1630, 11, 3, '03-22-2021', 88.32),
(1631, 11, 4, '03-22-2021', 16.72),
(1632, 11, 4, '03-22-2021', 29.14),
(1633, 11, 4, '03-22-2021', 34.96),
(1634, 11, 4, '03-22-2021', 47.76),
(1635, 11, 4, '03-22-2021', 46.39),
(1636, 2, 1, '03-23-2021', 11.24),
(1637, 2, 1, '03-23-2021', 22.44),
(1638, 2, 1, '03-23-2021', 34.71),
(1639, 2, 1, '03-23-2021', 40.01),
(1640, 11, 4, '03-25-2021', 49.95),
(1641, 11, 4, '03-25-2021', 49.18),
(1642, 11, 4, '03-25-2021', 60.23),
(1643, 11, 4, '03-25-2021', 85.36),
(1644, 2, 1, '03-26-2021', 54.37),
(1645, 2, 1, '03-26-2021', 55.43),
(1646, 11, 4, '03-26-2021', 88.49),
(1647, 11, 5, '03-26-2021', 10.84),
(1648, 11, 5, '03-26-2021', 21.95),
(1649, 11, 5, '03-26-2021', 28.29),
(1650, 11, 5, '03-26-2021', 42.08),
(1651, 11, 5, '03-26-2021', 42.16),
(1652, 2, 1, '03-27-2021', 48.63),
(1653, 11, 5, '03-28-2021', 64.03),
(1654, 11, 5, '03-28-2021', 62.87),
(1655, 2, 1, '03-29-2021', 75.93),
(1656, 2, 1, '03-29-2021', 81.60),
(1657, 2, 1, '03-29-2021', 94.92),
(1658, 2, 2, '03-29-2021', 10.78),
(1659, 2, 2, '03-31-2021', 19.77),
(1660, 2, 2, '03-31-2021', 30.04),
(1661, 2, 2, '03-31-2021', 36.19),
(1662, 2, 2, '03-31-2021', 41.57),
(1663, 2, 2, '03-31-2021', 63.61),
(1664, 2, 2, '03-31-2021', 75.73),
(1665, 2, 2, '03-31-2021', 80.26),
(1666, 2, 2, '03-31-2021', 80.33),
(1667, 11, 5, '03-31-2021', 61.96),
(1668, 11, 5, '03-31-2021', 92.62),
(1669, 11, 5, '04-02-2021', 75.51),
(1670, 11, 6, '04-02-2021', 16.92),
(1671, 11, 6, '04-02-2021', 16.15),
(1672, 11, 6, '04-02-2021', 33.41),
(1673, 11, 6, '04-02-2021', 40.11),
(1674, 2, 2, '04-03-2021', 62.04),
(1675, 2, 3, '04-03-2021', 11.68),
(1676, 11, 6, '04-04-2021', 36.38),
(1677, 11, 6, '04-04-2021', 65.86),
(1678, 11, 6, '04-04-2021', 59.24),
(1679, 2, 3, '04-05-2021', 19.16),
(1680, 2, 3, '04-05-2021', 23.90),
(1681, 11, 6, '04-05-2021', 72.73),
(1682, 11, 6, '04-06-2021', 59.61),
(1683, 11, 6, '04-06-2021', 89.76),
(1684, 11, 7, '04-06-2021', 11.09),
(1685, 2, 3, '04-07-2021', 34.27),
(1686, 2, 3, '04-07-2021', 42.66),
(1687, 2, 3, '04-09-2021', 41.70),
(1688, 2, 3, '04-09-2021', 63.72),
(1689, 2, 3, '04-09-2021', 69.33),
(1690, 11, 7, '04-09-2021', 19.13),
(1691, 11, 7, '04-09-2021', 27.29),
(1692, 11, 7, '04-09-2021', 37.92),
(1693, 11, 7, '04-09-2021', 40.30),
(1694, 11, 7, '04-09-2021', 39.21),
(1695, 11, 7, '04-09-2021', 56.72),
(1696, 11, 7, '04-09-2021', 71.15),
(1697, 11, 7, '04-09-2021', 86.69),
(1698, 11, 7, '04-09-2021', 63.39),
(1699, 11, 8, '04-09-2021', 15.11),
(1700, 2, 3, '04-11-2021', 81.14),
(1701, 11, 8, '04-12-2021', 18.65),
(1702, 11, 8, '04-12-2021', 35.37),
(1703, 11, 8, '04-13-2021', 31.97),
(1704, 11, 8, '04-13-2021', 55.16),
(1705, 11, 8, '04-13-2021', 62.72),
(1706, 11, 8, '04-13-2021', 73.67),
(1707, 2, 3, '04-14-2021', 61.24),
(1708, 2, 4, '04-14-2021', 19.35),
(1709, 2, 4, '04-14-2021', 20.33),
(1710, 11, 8, '04-16-2021', 59.11),
(1711, 2, 4, '04-17-2021', 28.04),
(1712, 2, 4, '04-17-2021', 37.26),
(1713, 2, 4, '04-17-2021', 48.72),
(1714, 2, 4, '04-17-2021', 57.25),
(1715, 2, 4, '04-17-2021', 52.76),
(1716, 2, 4, '04-17-2021', 76.21),
(1717, 2, 4, '04-18-2021', 51.42),
(1718, 2, 4, '04-18-2021', 81.88),
(1719, 2, 5, '04-18-2021', 17.86),
(1720, 2, 5, '04-18-2021', 26.88),
(1721, 2, 5, '04-18-2021', 31.89),
(1722, 2, 5, '04-18-2021', 29.65),
(1723, 2, 5, '04-18-2021', 55.33),
(1724, 11, 8, '04-19-2021', 68.95),
(1725, 11, 9, '04-19-2021', 17.53),
(1726, 11, 9, '04-19-2021', 19.74),
(1727, 11, 9, '04-19-2021', 37.23),
(1728, 11, 9, '04-19-2021', 40.17),
(1729, 11, 9, '04-19-2021', 45.12),
(1730, 11, 9, '04-19-2021', 56.33),
(1731, 11, 9, '04-19-2021', 50.09),
(1732, 11, 9, '04-19-2021', 48.81),
(1733, 11, 9, '04-19-2021', 90.89),
(1734, 2, 5, '04-20-2021', 48.08),
(1735, 2, 5, '04-20-2021', 50.53),
(1736, 2, 5, '04-20-2021', 78.70),
(1737, 2, 5, '04-20-2021', 54.67),
(1738, 11, 9, '04-21-2021', 65.81),
(1739, 11, 10, '04-22-2021', 19.52),
(1740, 11, 10, '04-22-2021', 23.67),
(1741, 11, 10, '04-22-2021', 28.57),
(1742, 11, 10, '04-22-2021', 31.71),
(1743, 11, 10, '04-22-2021', 38.42),
(1744, 11, 10, '04-22-2021', 57.55),
(1745, 11, 10, '04-22-2021', 51.38),
(1746, 11, 10, '04-22-2021', 68.40),
(1747, 2, 6, '04-23-2021', 13.77),
(1748, 2, 6, '04-23-2021', 26.92),
(1749, 2, 6, '04-23-2021', 24.28),
(1750, 2, 6, '04-23-2021', 36.87),
(1751, 2, 6, '04-24-2021', 52.09),
(1752, 2, 6, '04-24-2021', 65.90),
(1753, 2, 6, '04-24-2021', 61.92),
(1754, 11, 10, '04-24-2021', 76.65),
(1755, 11, 11, '04-24-2021', 10.64),
(1756, 2, 6, '04-25-2021', 72.18),
(1757, 2, 6, '04-25-2021', 96.01),
(1758, 2, 6, '04-25-2021', 76.13),
(1759, 2, 7, '04-25-2021', 16.18),
(1760, 11, 11, '04-26-2021', 15.62),
(1761, 11, 11, '04-26-2021', 30.30),
(1762, 2, 7, '04-28-2021', 16.38),
(1763, 2, 7, '04-28-2021', 24.08),
(1764, 2, 7, '04-28-2021', 30.21),
(1765, 11, 11, '04-29-2021', 29.30),
(1766, 11, 11, '04-29-2021', 39.61),
(1767, 11, 11, '04-29-2021', 51.51),
(1768, 11, 11, '04-29-2021', 57.30),
(1769, 11, 11, '04-30-2021', 63.23),
(1770, 11, 11, '04-30-2021', 77.61),
(1771, 11, 12, '04-30-2021', 14.13),
(1772, 2, 7, '05-01-2021', 36.42),
(1773, 2, 7, '05-01-2021', 55.31),
(1774, 2, 7, '05-01-2021', 72.05),
(1775, 2, 7, '05-01-2021', 64.54),
(1776, 2, 7, '05-01-2021', 83.95),
(1777, 2, 7, '05-01-2021', 69.07),
(1778, 2, 17, '05-01-2021', 16.36),
(1779, 11, 12, '05-01-2021', 26.64),
(1780, 11, 12, '05-02-2021', 30.94),
(1781, 11, 12, '05-02-2021', 33.83),
(1782, 11, 12, '05-02-2021', 34.10),
(1783, 11, 12, '05-02-2021', 61.73),
(1784, 11, 12, '05-02-2021', 77.84),
(1785, 2, 17, '05-03-2021', 23.19),
(1786, 2, 17, '05-03-2021', 35.32),
(1787, 2, 17, '05-03-2021', 46.17),
(1788, 2, 17, '05-03-2021', 49.80),
(1789, 2, 17, '05-03-2021', 61.11),
(1790, 2, 17, '05-03-2021', 67.44),
(1791, 2, 17, '05-03-2021', 67.07),
(1792, 2, 17, '05-04-2021', 70.42),
(1793, 2, 17, '05-04-2021', 82.44),
(1794, 11, 12, '05-05-2021', 75.63),
(1795, 2, 9, '05-07-2021', 14.01),
(1796, 2, 9, '05-08-2021', 24.96),
(1797, 11, 12, '05-08-2021', 87.13),
(1798, 11, 13, '05-08-2021', 14.65),
(1799, 11, 13, '05-08-2021', 24.22),
(1800, 11, 13, '05-08-2021', 29.24),
(1801, 11, 13, '05-08-2021', 35.42),
(1802, 11, 13, '05-09-2021', 36.92),
(1803, 2, 9, '05-11-2021', 27.14),
(1804, 2, 9, '05-11-2021', 46.36),
(1805, 2, 9, '05-11-2021', 55.84),
(1806, 2, 9, '05-11-2021', 48.92),
(1807, 2, 9, '05-11-2021', 59.73),
(1808, 2, 9, '05-11-2021', 77.91),
(1809, 2, 9, '05-11-2021', 54.55),
(1810, 11, 13, '05-12-2021', 57.10),
(1811, 11, 13, '05-12-2021', 67.62),
(1812, 11, 13, '05-12-2021', 82.07),
(1813, 11, 13, '05-12-2021', 59.84),
(1814, 11, 13, '05-12-2021', 93.97),
(1815, 11, 14, '05-12-2021', 17.19),
(1816, 11, 14, '05-12-2021', 18.80),
(1817, 11, 14, '05-12-2021', 34.37),
(1818, 2, 9, '05-14-2021', 100.00),
(1819, 2, 10, '05-14-2021', 11.07),
(1820, 11, 14, '05-15-2021', 32.37),
(1821, 11, 14, '05-15-2021', 44.71),
(1822, 11, 14, '05-15-2021', 44.76),
(1823, 2, 10, '05-16-2021', 24.44),
(1824, 2, 10, '05-16-2021', 32.33),
(1825, 2, 10, '05-16-2021', 40.01),
(1826, 2, 10, '05-16-2021', 48.41),
(1827, 2, 10, '05-16-2021', 59.37),
(1828, 2, 10, '05-16-2021', 62.25),
(1829, 2, 10, '05-16-2021', 74.36),
(1830, 2, 10, '05-16-2021', 90.88),
(1831, 2, 10, '05-16-2021', 100.00),
(1832, 11, 14, '05-18-2021', 75.80),
(1833, 11, 14, '05-18-2021', 82.68),
(1834, 2, 11, '05-19-2021', 11.78),
(1835, 2, 11, '05-19-2021', 24.21),
(1836, 2, 11, '05-19-2021', 29.25),
(1837, 2, 11, '05-19-2021', 32.28),
(1838, 11, 14, '05-19-2021', 66.10),
(1839, 11, 14, '05-19-2021', 91.84),
(1840, 11, 15, '05-19-2021', 18.78),
(1841, 11, 15, '05-19-2021', 20.84),
(1842, 11, 15, '05-19-2021', 37.55),
(1843, 2, 11, '05-22-2021', 40.40),
(1844, 11, 15, '05-22-2021', 43.14),
(1845, 11, 15, '05-22-2021', 48.86),
(1846, 11, 15, '05-22-2021', 63.40),
(1847, 11, 15, '05-22-2021', 65.63),
(1848, 11, 15, '05-22-2021', 66.88),
(1849, 11, 15, '05-23-2021', 73.76),
(1850, 11, 15, '05-23-2021', 89.85),
(1851, 11, 16, '05-23-2021', 12.81),
(1852, 11, 16, '05-23-2021', 24.49),
(1853, 11, 16, '05-23-2021', 25.25),
(1854, 11, 16, '05-23-2021', 42.05),
(1855, 11, 16, '05-23-2021', 38.71),
(1856, 11, 16, '05-23-2021', 40.92),
(1857, 2, 11, '05-24-2021', 47.43),
(1858, 2, 11, '05-25-2021', 69.44),
(1859, 2, 11, '05-25-2021', 66.88),
(1860, 11, 16, '05-25-2021', 51.84),
(1861, 11, 16, '05-25-2021', 88.60),
(1862, 11, 16, '05-25-2021', 92.67),
(1863, 11, 16, '05-25-2021', 78.77),
(1864, 11, 17, '05-26-2021', 13.83),
(1865, 2, 11, '05-28-2021', 63.59),
(1866, 11, 17, '05-28-2021', 18.66),
(1867, 11, 17, '05-28-2021', 35.13),
(1868, 11, 17, '05-28-2021', 33.61),
(1869, 11, 17, '05-28-2021', 42.21),
(1870, 2, 11, '05-29-2021', 72.45),
(1871, 2, 12, '05-29-2021', 19.85),
(1872, 2, 12, '05-29-2021', 16.77),
(1873, 2, 12, '05-29-2021', 28.13),
(1874, 2, 12, '05-29-2021', 34.65),
(1875, 2, 12, '05-30-2021', 41.86),
(1876, 2, 12, '05-30-2021', 37.61),
(1877, 11, 17, '05-31-2021', 63.01),
(1878, 11, 17, '05-31-2021', 67.89),
(1879, 11, 17, '05-31-2021', 82.92),
(1880, 11, 17, '05-31-2021', 74.61),
(1881, 11, 17, '05-31-2021', 95.98),
(1882, 11, 18, '05-31-2021', 15.37),
(1883, 11, 18, '05-31-2021', 22.78),
(1884, 2, 12, '06-01-2021', 66.96),
(1885, 2, 12, '06-01-2021', 55.01),
(1886, 2, 12, '06-01-2021', 82.61),
(1887, 2, 12, '06-01-2021', 70.26),
(1888, 2, 26, '06-01-2021', 10.70),
(1889, 2, 26, '06-02-2021', 22.35),
(1890, 11, 18, '06-03-2021', 31.64),
(1891, 2, 26, '06-04-2021', 26.29),
(1892, 2, 26, '06-04-2021', 34.50),
(1893, 2, 26, '06-04-2021', 51.76),
(1894, 2, 26, '06-04-2021', 47.95),
(1895, 11, 18, '06-06-2021', 36.57),
(1896, 11, 18, '06-06-2021', 35.17),
(1897, 11, 18, '06-06-2021', 63.48),
(1898, 11, 18, '06-06-2021', 61.61),
(1899, 11, 18, '06-06-2021', 58.45),
(1900, 11, 18, '06-06-2021', 87.33),
(1901, 11, 18, '06-06-2021', 62.12),
(1902, 11, 19, '06-06-2021', 18.70),
(1903, 11, 19, '06-06-2021', 21.98),
(1904, 11, 19, '06-06-2021', 27.14),
(1905, 2, 26, '06-07-2021', 48.67),
(1906, 11, 19, '06-07-2021', 42.15),
(1907, 11, 19, '06-07-2021', 44.62),
(1908, 11, 19, '06-07-2021', 56.37),
(1909, 11, 19, '06-07-2021', 68.04),
(1910, 11, 19, '06-07-2021', 79.30),
(1911, 11, 19, '06-07-2021', 59.02),
(1912, 11, 20, '06-07-2021', 19.79),
(1913, 11, 20, '06-07-2021', 22.24),
(1914, 11, 20, '06-07-2021', 31.50),
(1915, 11, 20, '06-07-2021', 40.39),
(1916, 11, 20, '06-07-2021', 45.01),
(1917, 11, 20, '06-07-2021', 55.36),
(1918, 11, 20, '06-07-2021', 70.25),
(1919, 2, 26, '06-10-2021', 54.90),
(1920, 2, 26, '06-10-2021', 87.23),
(1921, 2, 26, '06-10-2021', 97.64),
(1922, 2, 14, '06-10-2021', 16.84),
(1923, 2, 14, '06-10-2021', 17.94),
(1924, 2, 14, '06-10-2021', 27.94),
(1925, 11, 20, '06-10-2021', 69.09),
(1926, 11, 20, '06-10-2021', 58.72),
(1927, 2, 14, '06-11-2021', 30.78),
(1928, 2, 14, '06-11-2021', 45.05),
(1929, 11, 20, '06-11-2021', 88.88),
(1930, 2, 14, '06-13-2021', 46.78),
(1931, 2, 14, '06-13-2021', 71.46),
(1932, 11, 21, '06-13-2021', 13.13),
(1933, 11, 21, '06-13-2021', 17.94),
(1934, 11, 21, '06-13-2021', 23.63),
(1935, 11, 21, '06-13-2021', 26.70),
(1936, 11, 21, '06-13-2021', 45.15),
(1937, 2, 14, '06-15-2021', 49.40),
(1938, 2, 14, '06-15-2021', 92.93),
(1939, 2, 14, '06-15-2021', 57.55),
(1940, 2, 15, '06-15-2021', 19.44),
(1941, 2, 15, '06-15-2021', 23.36),
(1942, 2, 15, '06-15-2021', 33.48),
(1943, 2, 15, '06-15-2021', 30.88),
(1944, 2, 15, '06-15-2021', 36.28),
(1945, 2, 15, '06-17-2021', 44.48),
(1946, 2, 15, '06-19-2021', 47.62),
(1947, 2, 15, '06-21-2021', 78.53),
(1948, 2, 15, '06-21-2021', 63.07),
(1949, 2, 15, '06-23-2021', 71.55),
(1950, 2, 16, '06-23-2021', 12.84),
(1951, 2, 16, '06-23-2021', 21.72),
(1952, 2, 16, '06-23-2021', 29.02),
(1953, 2, 16, '06-24-2021', 29.59),
(1954, 2, 16, '06-26-2021', 38.58),
(1955, 2, 16, '06-29-2021', 42.65),
(1956, 2, 16, '07-02-2021', 62.07),
(1957, 2, 16, '07-02-2021', 66.67),
(1958, 2, 16, '07-03-2021', 55.02),
(1959, 2, 16, '07-03-2021', 77.48),
(1960, 2, 17, '07-03-2021', 13.43),
(1961, 2, 17, '07-03-2021', 26.34),
(1962, 2, 17, '07-04-2021', 35.18),
(1963, 2, 17, '07-04-2021', 39.80),
(1964, 2, 17, '07-06-2021', 56.73),
(1965, 2, 17, '07-09-2021', 48.11),
(1966, 2, 17, '07-12-2021', 54.17),
(1967, 2, 17, '07-12-2021', 67.59),
(1968, 2, 17, '07-12-2021', 96.60),
(1969, 2, 17, '07-13-2021', 79.34),
(1970, 2, 18, '07-13-2021', 15.69),
(1971, 2, 18, '07-16-2021', 28.02),
(1972, 2, 18, '07-16-2021', 26.38),
(1973, 2, 18, '07-16-2021', 33.15),
(1974, 2, 18, '07-16-2021', 47.27),
(1975, 2, 18, '07-19-2021', 43.70),
(1976, 2, 18, '07-19-2021', 55.36),
(1977, 2, 18, '07-19-2021', 67.10),
(1978, 2, 18, '07-19-2021', 87.27),
(1979, 2, 18, '07-19-2021', 69.08),
(1980, 2, 19, '07-19-2021', 16.31),
(1981, 2, 19, '07-19-2021', 25.95),
(1982, 2, 19, '07-19-2021', 26.49),
(1983, 2, 19, '07-19-2021', 36.52),
(1984, 2, 19, '07-19-2021', 44.82),
(1985, 2, 19, '07-22-2021', 46.61),
(1986, 2, 19, '07-23-2021', 61.74),
(1987, 2, 19, '07-23-2021', 55.14),
(1988, 2, 19, '07-23-2021', 60.23),
(1989, 2, 19, '07-23-2021', 67.78),
(1990, 2, 20, '07-25-2021', 16.38),
(1991, 2, 20, '07-26-2021', 20.58),
(1992, 2, 20, '07-26-2021', 26.00),
(1993, 2, 20, '07-26-2021', 31.71),
(1994, 2, 20, '07-29-2021', 42.31),
(1995, 2, 20, '07-31-2021', 41.61),
(1996, 2, 20, '07-31-2021', 47.80),
(1997, 2, 20, '07-31-2021', 55.50),
(1998, 2, 20, '07-31-2021', 61.09),
(1999, 2, 20, '07-31-2021', 90.46),
(2000, 2, 21, '07-31-2021', 18.68),
(2001, 18, 1, '09-09-2021', 12.07),
(2002, 18, 1, '09-10-2021', 26.79),
(2003, 18, 1, '09-10-2021', 32.31),
(2004, 18, 1, '09-11-2021', 39.95),
(2005, 18, 1, '09-13-2021', 51.18),
(2006, 18, 1, '09-13-2021', 60.14),
(2007, 18, 1, '09-13-2021', 71.57),
(2008, 18, 1, '09-13-2021', 68.20),
(2009, 18, 1, '09-15-2021', 61.57),
(2010, 18, 1, '09-15-2021', 81.98),
(2011, 18, 2, '09-15-2021', 12.29),
(2012, 18, 2, '09-18-2021', 23.49),
(2013, 18, 2, '09-21-2021', 23.02),
(2014, 18, 2, '09-21-2021', 34.93),
(2015, 18, 2, '09-21-2021', 39.20),
(2016, 18, 2, '09-21-2021', 43.89),
(2017, 18, 2, '09-21-2021', 57.79),
(2018, 18, 2, '09-21-2021', 71.52),
(2019, 18, 2, '09-21-2021', 63.75),
(2020, 18, 2, '09-23-2021', 97.55),
(2021, 18, 3, '09-23-2021', 12.02),
(2022, 18, 3, '09-23-2021', 22.33),
(2023, 18, 3, '09-23-2021', 30.92),
(2024, 18, 3, '09-23-2021', 36.86),
(2025, 18, 3, '09-25-2021', 33.44),
(2026, 18, 3, '09-26-2021', 52.34),
(2027, 18, 3, '09-28-2021', 70.92),
(2028, 18, 3, '10-01-2021', 82.11),
(2029, 18, 3, '10-01-2021', 82.34),
(2030, 18, 3, '10-01-2021', 76.36),
(2031, 18, 4, '10-01-2021', 10.17),
(2032, 18, 4, '10-01-2021', 23.55),
(2033, 18, 4, '10-01-2021', 26.14),
(2034, 18, 4, '10-01-2021', 36.73),
(2035, 18, 4, '10-01-2021', 54.94),
(2036, 18, 4, '10-02-2021', 38.07),
(2037, 18, 4, '10-02-2021', 59.75),
(2038, 18, 4, '10-02-2021', 77.81),
(2039, 18, 4, '10-04-2021', 90.10),
(2040, 18, 4, '10-04-2021', 78.17),
(2041, 18, 5, '10-04-2021', 18.73),
(2042, 18, 5, '10-04-2021', 23.11),
(2043, 18, 5, '10-04-2021', 37.03),
(2044, 18, 5, '10-04-2021', 36.69),
(2045, 18, 5, '10-06-2021', 46.37),
(2046, 18, 5, '10-06-2021', 47.20),
(2047, 18, 5, '10-09-2021', 58.06),
(2048, 18, 5, '10-09-2021', 68.86),
(2049, 18, 5, '10-09-2021', 60.40),
(2050, 18, 6, '10-09-2021', 15.72),
(2051, 18, 6, '10-10-2021', 20.86),
(2052, 18, 6, '10-11-2021', 28.11),
(2053, 18, 6, '10-11-2021', 36.48),
(2054, 18, 6, '10-12-2021', 56.33),
(2055, 18, 6, '10-15-2021', 55.78),
(2056, 18, 6, '10-15-2021', 76.87),
(2057, 18, 6, '10-15-2021', 50.08),
(2058, 18, 6, '10-16-2021', 61.87),
(2059, 18, 6, '10-16-2021', 82.68),
(2060, 18, 7, '10-16-2021', 19.68),
(2061, 18, 7, '10-16-2021', 27.69),
(2062, 18, 7, '10-16-2021', 24.62),
(2063, 18, 7, '10-16-2021', 36.34),
(2064, 18, 7, '10-16-2021', 34.57),
(2065, 18, 7, '10-16-2021', 43.60),
(2066, 18, 7, '10-16-2021', 79.14),
(2067, 18, 7, '10-16-2021', 70.92),
(2068, 18, 7, '10-16-2021', 69.82),
(2069, 18, 7, '10-16-2021', 65.16),
(2070, 18, 17, '10-16-2021', 11.76),
(2071, 18, 17, '10-16-2021', 22.02),
(2072, 18, 17, '10-16-2021', 33.24),
(2073, 18, 17, '10-17-2021', 35.42),
(2074, 18, 17, '10-17-2021', 50.05),
(2075, 18, 17, '10-17-2021', 58.96),
(2076, 18, 17, '10-17-2021', 46.23),
(2077, 18, 17, '10-17-2021', 56.49),
(2078, 18, 17, '10-17-2021', 77.36),
(2079, 18, 9, '10-17-2021', 16.65),
(2080, 8, 1, '10-19-2021', 11.13),
(2081, 8, 1, '10-19-2021', 22.19),
(2082, 18, 9, '10-20-2021', 24.77),
(2083, 18, 9, '10-20-2021', 34.60),
(2084, 8, 1, '10-22-2021', 31.02),
(2085, 8, 1, '10-22-2021', 31.38),
(2086, 8, 1, '10-22-2021', 41.81),
(2087, 8, 1, '10-22-2021', 37.22),
(2088, 8, 1, '10-22-2021', 40.53),
(2089, 8, 1, '10-22-2021', 64.64),
(2090, 8, 1, '10-22-2021', 66.27),
(2091, 8, 1, '10-22-2021', 65.16),
(2092, 8, 2, '10-22-2021', 13.96),
(2093, 18, 9, '10-22-2021', 41.97),
(2094, 18, 9, '10-22-2021', 39.25),
(2095, 18, 9, '10-22-2021', 44.31),
(2096, 18, 9, '10-22-2021', 60.24),
(2097, 18, 9, '10-22-2021', 75.53),
(2098, 18, 9, '10-22-2021', 86.80),
(2099, 8, 2, '10-25-2021', 27.53),
(2100, 8, 2, '10-25-2021', 31.25),
(2101, 8, 2, '10-25-2021', 32.48),
(2102, 8, 2, '10-25-2021', 43.56),
(2103, 18, 9, '10-25-2021', 75.52),
(2104, 8, 2, '10-26-2021', 40.01),
(2105, 8, 2, '10-26-2021', 43.42),
(2106, 18, 10, '10-27-2021', 18.08),
(2107, 18, 10, '10-27-2021', 24.00),
(2108, 8, 2, '10-28-2021', 53.29),
(2109, 8, 2, '10-30-2021', 91.37),
(2110, 18, 10, '10-30-2021', 24.07),
(2111, 18, 10, '10-30-2021', 36.98),
(2112, 18, 10, '10-30-2021', 51.10),
(2113, 8, 2, '10-31-2021', 79.02),
(2114, 8, 3, '11-01-2021', 13.77),
(2115, 8, 3, '11-01-2021', 20.30),
(2116, 8, 3, '11-01-2021', 28.03),
(2117, 8, 3, '11-01-2021', 39.87),
(2118, 18, 10, '11-01-2021', 59.79),
(2119, 18, 10, '11-01-2021', 55.63),
(2120, 18, 10, '11-01-2021', 75.84),
(2121, 18, 10, '11-01-2021', 88.73),
(2122, 18, 10, '11-01-2021', 90.15),
(2123, 18, 11, '11-02-2021', 11.63),
(2124, 8, 3, '11-03-2021', 39.80),
(2125, 18, 11, '11-04-2021', 18.41),
(2126, 18, 11, '11-05-2021', 37.05),
(2127, 18, 11, '11-05-2021', 42.44),
(2128, 18, 11, '11-05-2021', 53.05),
(2129, 18, 11, '11-05-2021', 36.87),
(2130, 18, 11, '11-05-2021', 50.68),
(2131, 18, 11, '11-05-2021', 60.66),
(2132, 8, 3, '11-06-2021', 45.55),
(2133, 18, 11, '11-06-2021', 55.26),
(2134, 8, 3, '11-07-2021', 56.94),
(2135, 8, 3, '11-07-2021', 78.43),
(2136, 8, 3, '11-07-2021', 84.30),
(2137, 8, 3, '11-07-2021', 57.89),
(2138, 8, 4, '11-07-2021', 14.32),
(2139, 8, 4, '11-09-2021', 24.87),
(2140, 8, 4, '11-09-2021', 32.13),
(2141, 8, 4, '11-09-2021', 41.23),
(2142, 8, 4, '11-09-2021', 47.00),
(2143, 8, 4, '11-09-2021', 61.33),
(2144, 8, 4, '11-09-2021', 44.78),
(2145, 8, 4, '11-09-2021', 58.34),
(2146, 18, 11, '11-09-2021', 74.29),
(2147, 18, 12, '11-09-2021', 10.39),
(2148, 8, 4, '11-10-2021', 88.99),
(2149, 8, 4, '11-10-2021', 95.81),
(2150, 8, 5, '11-12-2021', 11.12),
(2151, 8, 5, '11-12-2021', 17.67),
(2152, 8, 5, '11-12-2021', 34.51),
(2153, 18, 12, '11-12-2021', 22.99),
(2154, 18, 12, '11-12-2021', 32.87),
(2155, 8, 5, '11-14-2021', 39.50),
(2156, 8, 5, '11-14-2021', 34.13),
(2157, 8, 5, '11-14-2021', 58.52),
(2158, 8, 5, '11-14-2021', 67.29),
(2159, 18, 12, '11-14-2021', 43.39),
(2160, 8, 5, '11-17-2021', 84.49),
(2161, 8, 5, '11-17-2021', 81.31),
(2162, 8, 5, '11-17-2021', 62.00),
(2163, 8, 6, '11-17-2021', 12.06),
(2164, 8, 6, '11-17-2021', 27.31),
(2165, 18, 12, '11-17-2021', 50.51),
(2166, 18, 12, '11-17-2021', 49.87),
(2167, 18, 12, '11-17-2021', 74.73),
(2168, 18, 12, '11-17-2021', 66.70),
(2169, 8, 6, '11-20-2021', 32.72),
(2170, 8, 6, '11-20-2021', 45.28),
(2171, 8, 6, '11-20-2021', 44.48),
(2172, 18, 12, '11-20-2021', 71.50),
(2173, 8, 6, '11-22-2021', 48.57),
(2174, 8, 6, '11-22-2021', 71.34),
(2175, 8, 6, '11-22-2021', 75.87),
(2176, 8, 6, '11-22-2021', 63.41),
(2177, 8, 6, '11-22-2021', 93.99),
(2178, 18, 12, '11-23-2021', 83.34),
(2179, 18, 13, '11-23-2021', 15.10),
(2180, 18, 13, '11-23-2021', 17.04),
(2181, 18, 13, '11-23-2021', 26.36),
(2182, 18, 13, '11-23-2021', 29.12),
(2183, 18, 13, '11-23-2021', 53.87),
(2184, 18, 13, '11-23-2021', 53.78),
(2185, 8, 7, '11-24-2021', 14.83),
(2186, 8, 7, '11-24-2021', 22.17),
(2187, 8, 7, '11-24-2021', 33.69),
(2188, 8, 7, '11-24-2021', 43.93),
(2189, 8, 7, '11-24-2021', 50.52),
(2190, 8, 7, '11-24-2021', 41.85),
(2191, 8, 7, '11-24-2021', 64.84),
(2192, 8, 7, '11-24-2021', 88.54),
(2193, 8, 7, '11-24-2021', 59.84),
(2194, 18, 13, '11-25-2021', 57.55),
(2195, 18, 13, '11-25-2021', 80.38),
(2196, 18, 13, '11-25-2021', 93.17),
(2197, 18, 13, '11-25-2021', 98.55),
(2198, 18, 14, '11-25-2021', 14.92),
(2199, 18, 14, '11-25-2021', 17.91),
(2200, 18, 14, '11-25-2021', 33.76),
(2201, 8, 7, '11-26-2021', 81.16),
(2202, 8, 17, '11-26-2021', 10.44),
(2203, 8, 17, '11-26-2021', 27.79),
(2204, 8, 17, '11-26-2021', 35.57),
(2205, 8, 17, '11-26-2021', 38.46),
(2206, 8, 17, '11-26-2021', 39.79),
(2207, 8, 17, '11-26-2021', 66.24),
(2208, 8, 17, '11-26-2021', 52.98),
(2209, 8, 17, '11-26-2021', 64.71),
(2210, 8, 17, '11-26-2021', 81.77),
(2211, 8, 9, '11-26-2021', 19.67),
(2212, 8, 9, '11-26-2021', 19.82),
(2213, 18, 14, '11-26-2021', 27.70),
(2214, 18, 14, '11-27-2021', 55.70),
(2215, 18, 14, '11-27-2021', 52.59),
(2216, 18, 14, '11-27-2021', 57.79),
(2217, 18, 14, '11-27-2021', 62.24),
(2218, 8, 9, '11-29-2021', 24.77),
(2219, 8, 9, '11-29-2021', 39.51),
(2220, 8, 9, '11-29-2021', 42.96),
(2221, 18, 14, '11-29-2021', 83.98),
(2222, 18, 14, '12-01-2021', 68.08),
(2223, 8, 9, '12-02-2021', 54.62),
(2224, 8, 9, '12-02-2021', 70.05),
(2225, 8, 9, '12-02-2021', 54.73),
(2226, 18, 15, '12-04-2021', 18.98),
(2227, 18, 15, '12-04-2021', 27.45),
(2228, 18, 15, '12-04-2021', 25.76),
(2229, 18, 15, '12-04-2021', 32.38),
(2230, 18, 15, '12-04-2021', 49.61),
(2231, 18, 15, '12-04-2021', 62.83),
(2232, 18, 15, '12-04-2021', 66.53),
(2233, 18, 15, '12-04-2021', 78.94),
(2234, 8, 9, '12-05-2021', 58.29),
(2235, 18, 15, '12-05-2021', 61.40),
(2236, 18, 15, '12-05-2021', 96.34),
(2237, 8, 10, '12-06-2021', 15.57),
(2238, 8, 10, '12-06-2021', 20.79),
(2239, 8, 10, '12-06-2021', 34.65),
(2240, 8, 10, '12-06-2021', 28.81),
(2241, 8, 10, '12-06-2021', 57.43),
(2242, 18, 16, '12-06-2021', 10.31),
(2243, 18, 16, '12-06-2021', 27.78),
(2244, 18, 16, '12-06-2021', 35.04),
(2245, 18, 16, '12-06-2021', 35.34),
(2246, 18, 16, '12-06-2021', 41.28),
(2247, 18, 16, '12-06-2021', 56.05),
(2248, 8, 10, '12-08-2021', 62.81),
(2249, 8, 10, '12-08-2021', 68.98),
(2250, 8, 10, '12-08-2021', 49.84),
(2251, 8, 10, '12-08-2021', 69.97),
(2252, 8, 10, '12-08-2021', 79.19),
(2253, 8, 11, '12-08-2021', 10.11),
(2254, 8, 11, '12-08-2021', 17.38),
(2255, 8, 11, '12-08-2021', 24.17),
(2256, 18, 16, '12-08-2021', 73.41),
(2257, 18, 16, '12-08-2021', 68.92),
(2258, 18, 16, '12-10-2021', 83.47),
(2259, 18, 16, '12-10-2021', 66.90),
(2260, 8, 11, '12-11-2021', 43.62),
(2261, 8, 11, '12-11-2021', 51.27),
(2262, 8, 11, '12-11-2021', 59.46),
(2263, 8, 11, '12-11-2021', 60.17),
(2264, 8, 11, '12-13-2021', 80.00),
(2265, 8, 11, '12-13-2021', 87.71),
(2266, 8, 11, '12-13-2021', 95.36),
(2267, 8, 12, '12-13-2021', 14.58),
(2268, 8, 12, '12-13-2021', 17.18),
(2269, 8, 12, '12-13-2021', 34.23),
(2270, 8, 12, '12-13-2021', 37.43),
(2271, 18, 17, '12-13-2021', 13.36),
(2272, 18, 17, '12-13-2021', 26.64),
(2273, 18, 17, '12-14-2021', 34.58),
(2274, 8, 12, '12-16-2021', 39.11),
(2275, 8, 12, '12-16-2021', 46.84),
(2276, 8, 12, '12-16-2021', 71.94),
(2277, 18, 17, '12-16-2021', 33.50),
(2278, 18, 17, '12-16-2021', 39.99),
(2279, 18, 17, '12-16-2021', 61.69),
(2280, 18, 17, '12-16-2021', 67.61),
(2281, 18, 17, '12-16-2021', 58.38),
(2282, 18, 17, '12-16-2021', 61.55),
(2283, 18, 17, '12-16-2021', 71.92),
(2284, 18, 18, '12-16-2021', 14.10),
(2285, 8, 12, '12-17-2021', 60.16),
(2286, 8, 12, '12-17-2021', 63.22),
(2287, 8, 12, '12-17-2021', 86.40),
(2288, 8, 13, '12-17-2021', 17.42),
(2289, 18, 18, '12-17-2021', 21.31),
(2290, 18, 18, '12-17-2021', 34.18),
(2291, 18, 18, '12-18-2021', 37.23),
(2292, 18, 18, '12-18-2021', 47.41),
(2293, 18, 18, '12-18-2021', 50.61),
(2294, 18, 18, '12-18-2021', 57.35),
(2295, 18, 18, '12-18-2021', 55.49),
(2296, 18, 18, '12-18-2021', 83.40),
(2297, 18, 18, '12-18-2021', 72.32),
(2298, 8, 13, '12-20-2021', 22.89),
(2299, 8, 13, '12-20-2021', 35.22),
(2300, 8, 13, '12-20-2021', 37.08),
(2301, 8, 13, '12-20-2021', 48.04),
(2302, 8, 13, '12-20-2021', 55.83),
(2303, 18, 19, '12-20-2021', 18.65),
(2304, 18, 19, '12-20-2021', 25.06),
(2305, 18, 19, '12-20-2021', 28.16),
(2306, 18, 19, '12-20-2021', 40.05),
(2307, 18, 19, '12-21-2021', 41.96),
(2308, 18, 19, '12-21-2021', 62.45),
(2309, 18, 19, '12-21-2021', 57.40),
(2310, 18, 19, '12-21-2021', 51.15),
(2311, 18, 19, '12-21-2021', 93.42),
(2312, 18, 19, '12-22-2021', 69.41),
(2313, 18, 20, '12-22-2021', 18.69),
(2314, 18, 20, '12-22-2021', 23.89),
(2315, 18, 20, '12-22-2021', 36.11),
(2316, 8, 13, '12-23-2021', 54.50),
(2317, 8, 13, '12-23-2021', 54.80),
(2318, 8, 13, '12-23-2021', 87.65),
(2319, 18, 20, '12-23-2021', 33.37),
(2320, 8, 13, '12-25-2021', 58.67),
(2321, 8, 14, '12-25-2021', 14.45),
(2322, 8, 14, '12-25-2021', 25.36),
(2323, 8, 14, '12-25-2021', 30.21),
(2324, 8, 14, '12-25-2021', 43.25),
(2325, 8, 14, '12-25-2021', 39.72),
(2326, 8, 14, '12-25-2021', 55.46),
(2327, 8, 14, '12-25-2021', 41.94),
(2328, 18, 20, '12-25-2021', 51.68),
(2329, 18, 20, '12-27-2021', 50.26),
(2330, 18, 20, '12-27-2021', 70.56),
(2331, 18, 20, '12-27-2021', 64.12),
(2332, 8, 14, '12-28-2021', 70.67),
(2333, 8, 14, '12-28-2021', 63.70),
(2334, 18, 20, '12-28-2021', 60.33),
(2335, 8, 14, '12-31-2021', 93.68),
(2336, 8, 15, '12-31-2021', 10.07),
(2337, 8, 15, '12-31-2021', 25.80),
(2338, 8, 15, '12-31-2021', 32.68),
(2339, 8, 15, '12-31-2021', 36.13),
(2340, 18, 21, '12-31-2021', 12.62),
(2341, 18, 21, '12-31-2021', 28.35),
(2342, 18, 21, '12-31-2021', 27.01),
(2343, 8, 15, '01-03-2022', 35.51),
(2344, 8, 15, '01-03-2022', 57.07),
(2345, 8, 15, '01-03-2022', 71.80),
(2346, 8, 15, '01-03-2022', 77.25),
(2347, 8, 15, '01-03-2022', 92.66),
(2348, 8, 15, '01-03-2022', 58.32),
(2349, 8, 16, '01-03-2022', 14.56),
(2350, 8, 16, '01-03-2022', 24.85),
(2351, 8, 16, '01-04-2022', 32.61),
(2352, 8, 16, '01-04-2022', 30.18),
(2353, 8, 16, '01-06-2022', 47.47),
(2354, 8, 16, '01-06-2022', 53.83),
(2355, 8, 16, '01-06-2022', 47.32),
(2356, 8, 16, '01-07-2022', 76.66),
(2357, 8, 16, '01-07-2022', 64.99),
(2358, 8, 16, '01-10-2022', 79.16),
(2359, 8, 17, '01-10-2022', 15.84),
(2360, 8, 17, '01-10-2022', 28.49),
(2361, 8, 17, '01-10-2022', 27.04),
(2362, 8, 17, '01-11-2022', 29.37),
(2363, 8, 17, '01-11-2022', 41.66),
(2364, 8, 17, '01-11-2022', 42.01),
(2365, 8, 17, '01-11-2022', 62.24),
(2366, 8, 17, '01-11-2022', 65.92),
(2367, 8, 17, '01-11-2022', 69.91),
(2368, 8, 17, '01-14-2022', 73.10),
(2369, 8, 18, '01-14-2022', 14.11),
(2370, 8, 18, '01-14-2022', 24.77),
(2371, 8, 18, '01-17-2022', 23.55),
(2372, 8, 18, '01-20-2022', 39.86),
(2373, 8, 18, '01-20-2022', 52.86),
(2374, 8, 18, '01-20-2022', 47.83),
(2375, 8, 18, '01-23-2022', 66.16),
(2376, 8, 18, '01-23-2022', 54.76),
(2377, 8, 18, '01-23-2022', 90.80),
(2378, 8, 18, '01-23-2022', 64.97),
(2379, 8, 19, '01-24-2022', 11.15),
(2380, 8, 19, '01-24-2022', 16.69),
(2381, 8, 19, '01-24-2022', 26.57),
(2382, 8, 19, '01-24-2022', 33.18),
(2383, 8, 19, '01-24-2022', 38.90),
(2384, 8, 19, '01-24-2022', 65.72),
(2385, 8, 19, '01-24-2022', 58.01),
(2386, 8, 19, '01-24-2022', 52.33),
(2387, 8, 19, '01-24-2022', 84.17),
(2388, 8, 19, '01-27-2022', 86.29),
(2389, 8, 20, '01-30-2022', 19.82),
(2390, 8, 20, '01-30-2022', 23.94),
(2391, 8, 20, '02-02-2022', 35.79),
(2392, 8, 20, '02-02-2022', 36.37),
(2393, 8, 20, '02-02-2022', 44.47),
(2394, 8, 20, '02-05-2022', 45.43),
(2395, 8, 20, '02-05-2022', 65.07),
(2396, 8, 20, '02-05-2022', 64.64),
(2397, 4, 1, '02-08-2022', 13.20),
(2398, 8, 20, '02-08-2022', 54.60),
(2399, 8, 20, '02-08-2022', 75.45),
(2400, 8, 21, '02-08-2022', 14.53),
(2401, 8, 21, '02-08-2022', 25.82),
(2402, 4, 1, '02-11-2022', 18.86),
(2403, 4, 1, '02-11-2022', 31.70),
(2404, 4, 1, '02-14-2022', 34.93),
(2405, 4, 1, '02-14-2022', 48.00),
(2406, 4, 1, '02-14-2022', 60.97),
(2407, 4, 1, '02-14-2022', 49.48),
(2408, 4, 1, '02-14-2022', 55.43),
(2409, 4, 1, '02-15-2022', 80.04),
(2410, 4, 1, '02-15-2022', 76.76),
(2411, 4, 2, '02-17-2022', 15.20),
(2412, 4, 2, '02-17-2022', 22.68),
(2413, 4, 2, '02-17-2022', 26.78),
(2414, 4, 2, '02-19-2022', 36.31),
(2415, 4, 2, '02-22-2022', 39.46),
(2416, 4, 2, '02-22-2022', 59.40),
(2417, 4, 2, '02-22-2022', 70.57),
(2418, 4, 2, '02-22-2022', 69.06),
(2419, 4, 2, '02-22-2022', 86.23),
(2420, 4, 2, '02-22-2022', 80.60),
(2421, 4, 3, '02-22-2022', 16.51),
(2422, 4, 3, '02-22-2022', 25.36),
(2423, 4, 3, '02-22-2022', 35.81),
(2424, 4, 3, '02-24-2022', 30.20),
(2425, 4, 3, '02-24-2022', 50.26),
(2426, 4, 3, '02-24-2022', 60.38),
(2427, 4, 3, '02-24-2022', 63.08),
(2428, 4, 3, '02-24-2022', 74.08),
(2429, 4, 3, '02-26-2022', 60.03),
(2430, 4, 3, '02-26-2022', 71.92),
(2431, 4, 4, '02-28-2022', 19.28),
(2432, 4, 4, '03-03-2022', 18.42),
(2433, 4, 4, '03-03-2022', 35.40),
(2434, 4, 4, '03-03-2022', 33.89),
(2435, 4, 4, '03-03-2022', 50.20),
(2436, 4, 4, '03-03-2022', 47.55),
(2437, 4, 4, '03-03-2022', 63.54),
(2438, 4, 4, '03-05-2022', 50.89),
(2439, 4, 4, '03-08-2022', 67.83),
(2440, 4, 4, '03-09-2022', 100.00),
(2441, 4, 5, '03-10-2022', 15.44),
(2442, 4, 5, '03-12-2022', 25.17),
(2443, 4, 5, '03-14-2022', 25.12),
(2444, 4, 5, '03-14-2022', 33.97),
(2445, 4, 5, '03-14-2022', 44.84),
(2446, 4, 5, '03-14-2022', 57.63),
(2447, 4, 5, '03-14-2022', 68.91),
(2448, 4, 5, '03-15-2022', 62.07),
(2449, 4, 5, '03-16-2022', 83.18),
(2450, 4, 5, '03-16-2022', 69.27),
(2451, 4, 6, '03-16-2022', 17.84),
(2452, 4, 6, '03-16-2022', 22.72),
(2453, 4, 6, '03-16-2022', 34.34),
(2454, 4, 6, '03-16-2022', 31.55),
(2455, 4, 6, '03-16-2022', 45.30),
(2456, 4, 6, '03-16-2022', 44.29),
(2457, 4, 6, '03-17-2022', 70.81),
(2458, 4, 6, '03-17-2022', 52.54),
(2459, 4, 6, '03-19-2022', 70.51),
(2460, 4, 6, '03-19-2022', 96.05),
(2461, 4, 7, '03-19-2022', 12.51),
(2462, 4, 7, '03-19-2022', 22.58),
(2463, 4, 7, '03-19-2022', 25.64),
(2464, 4, 7, '03-20-2022', 27.99),
(2465, 4, 7, '03-22-2022', 54.60),
(2466, 4, 7, '03-22-2022', 61.23),
(2467, 4, 7, '03-25-2022', 66.50),
(2468, 4, 7, '03-25-2022', 59.35),
(2469, 4, 7, '03-27-2022', 60.28),
(2470, 4, 7, '03-27-2022', 98.45),
(2471, 4, 17, '03-27-2022', 14.78),
(2472, 4, 17, '03-27-2022', 21.10),
(2473, 4, 17, '03-27-2022', 31.74),
(2474, 4, 17, '03-27-2022', 26.94),
(2475, 4, 17, '03-27-2022', 39.88),
(2476, 4, 17, '03-27-2022', 61.24),
(2477, 4, 17, '03-27-2022', 69.65),
(2478, 4, 17, '03-27-2022', 73.14),
(2479, 4, 17, '03-27-2022', 64.57),
(2480, 4, 17, '03-27-2022', 68.15),
(2481, 4, 9, '03-27-2022', 12.82),
(2482, 4, 9, '03-30-2022', 18.72),
(2483, 4, 9, '03-30-2022', 26.84),
(2484, 4, 9, '04-02-2022', 44.36),
(2485, 4, 9, '04-03-2022', 39.94),
(2486, 4, 9, '04-03-2022', 58.42),
(2487, 4, 9, '04-06-2022', 52.20),
(2488, 4, 9, '04-06-2022', 55.92),
(2489, 4, 9, '04-06-2022', 71.86),
(2490, 4, 9, '04-06-2022', 100.00),
(2491, 4, 10, '04-06-2022', 10.35),
(2492, 4, 10, '04-06-2022', 22.35),
(2493, 4, 10, '04-06-2022', 31.27),
(2494, 4, 10, '04-06-2022', 38.22),
(2495, 4, 10, '04-06-2022', 43.91),
(2496, 4, 10, '04-08-2022', 53.13),
(2497, 4, 10, '04-08-2022', 60.64),
(2498, 4, 10, '04-08-2022', 77.94),
(2499, 4, 10, '04-08-2022', 91.15),
(2500, 4, 10, '04-08-2022', 61.12),
(2501, 4, 11, '04-08-2022', 11.53),
(2502, 4, 11, '04-08-2022', 20.21),
(2503, 4, 11, '04-08-2022', 32.44),
(2504, 4, 11, '04-08-2022', 33.83),
(2505, 4, 11, '04-08-2022', 43.86),
(2506, 4, 11, '04-08-2022', 49.90),
(2507, 4, 11, '04-08-2022', 57.77),
(2508, 4, 11, '04-11-2022', 54.93),
(2509, 4, 11, '04-11-2022', 67.09),
(2510, 4, 12, '04-11-2022', 19.06),
(2511, 4, 12, '04-11-2022', 23.50),
(2512, 4, 12, '04-11-2022', 30.47),
(2513, 4, 12, '04-11-2022', 37.32),
(2514, 4, 12, '04-11-2022', 45.34),
(2515, 4, 12, '04-11-2022', 45.86),
(2516, 4, 12, '04-11-2022', 58.03),
(2517, 4, 12, '04-11-2022', 74.04),
(2518, 4, 12, '04-11-2022', 62.29),
(2519, 4, 12, '04-11-2022', 61.03),
(2520, 4, 13, '04-11-2022', 12.65),
(2521, 4, 13, '04-11-2022', 20.43),
(2522, 4, 13, '04-11-2022', 29.36),
(2523, 4, 13, '04-11-2022', 34.14),
(2524, 4, 13, '04-12-2022', 55.52),
(2525, 4, 13, '04-12-2022', 51.05),
(2526, 4, 13, '04-14-2022', 68.87),
(2527, 4, 13, '04-16-2022', 81.03),
(2528, 4, 13, '04-16-2022', 90.20),
(2529, 4, 13, '04-16-2022', 90.26),
(2530, 4, 30, '04-16-2022', 19.16),
(2531, 4, 30, '04-16-2022', 21.22),
(2532, 4, 30, '04-16-2022', 22.68),
(2533, 4, 30, '04-16-2022', 38.47),
(2534, 4, 30, '04-18-2022', 35.87),
(2535, 4, 30, '04-18-2022', 66.19),
(2536, 4, 30, '04-18-2022', 63.24),
(2537, 4, 30, '04-18-2022', 76.66),
(2538, 4, 30, '04-18-2022', 81.51),
(2539, 4, 30, '04-18-2022', 87.68),
(2540, 4, 15, '04-18-2022', 12.68),
(2541, 4, 15, '04-18-2022', 26.31),
(2542, 4, 15, '04-18-2022', 27.59),
(2543, 4, 15, '04-19-2022', 42.39),
(2544, 4, 15, '04-20-2022', 42.98),
(2545, 4, 15, '04-21-2022', 54.54),
(2546, 4, 15, '04-21-2022', 66.91),
(2547, 4, 15, '04-22-2022', 60.33),
(2548, 4, 15, '04-22-2022', 77.45),
(2549, 4, 15, '04-24-2022', 69.68),
(2550, 4, 16, '04-24-2022', 10.55),
(2551, 4, 16, '04-27-2022', 22.69),
(2552, 4, 16, '04-27-2022', 32.38),
(2553, 4, 16, '04-27-2022', 42.78),
(2554, 4, 16, '04-27-2022', 46.78),
(2555, 4, 16, '04-30-2022', 67.72),
(2556, 4, 16, '04-30-2022', 57.67),
(2557, 4, 16, '04-30-2022', 52.78),
(2558, 4, 16, '05-03-2022', 62.75),
(2559, 4, 16, '05-03-2022', 83.98),
(2560, 4, 17, '05-03-2022', 13.44),
(2561, 4, 17, '05-03-2022', 17.59),
(2562, 4, 17, '05-03-2022', 33.41),
(2563, 4, 17, '05-03-2022', 34.92),
(2564, 4, 17, '05-03-2022', 31.61),
(2565, 4, 17, '05-03-2022', 59.69),
(2566, 4, 17, '05-03-2022', 69.56),
(2567, 4, 17, '05-03-2022', 80.42),
(2568, 4, 17, '05-05-2022', 64.71),
(2569, 4, 17, '05-05-2022', 74.06),
(2570, 4, 18, '05-05-2022', 17.26),
(2571, 4, 18, '05-07-2022', 22.85),
(2572, 4, 18, '05-07-2022', 30.62),
(2573, 4, 18, '05-07-2022', 42.41),
(2574, 4, 18, '05-07-2022', 39.85),
(2575, 16, 1, '05-09-2022', 18.88),
(2576, 16, 1, '05-09-2022', 16.96),
(2577, 16, 1, '05-09-2022', 26.37),
(2578, 16, 1, '05-09-2022', 43.11),
(2579, 16, 1, '05-09-2022', 42.61),
(2580, 16, 1, '05-09-2022', 39.83),
(2581, 4, 18, '05-10-2022', 48.26),
(2582, 16, 1, '05-10-2022', 68.31),
(2583, 16, 1, '05-10-2022', 79.03),
(2584, 16, 1, '05-10-2022', 91.04),
(2585, 16, 1, '05-11-2022', 95.15),
(2586, 16, 2, '05-11-2022', 14.52),
(2587, 16, 2, '05-11-2022', 24.64),
(2588, 16, 2, '05-11-2022', 25.78),
(2589, 16, 2, '05-11-2022', 38.65),
(2590, 16, 2, '05-11-2022', 50.02),
(2591, 16, 2, '05-11-2022', 56.73),
(2592, 16, 2, '05-11-2022', 63.37),
(2593, 16, 2, '05-11-2022', 72.02),
(2594, 16, 2, '05-11-2022', 68.69),
(2595, 16, 3, '05-11-2022', 18.17),
(2596, 16, 3, '05-11-2022', 20.12),
(2597, 16, 3, '05-11-2022', 39.54),
(2598, 16, 3, '05-11-2022', 29.88),
(2599, 16, 3, '05-11-2022', 39.85),
(2600, 16, 3, '05-11-2022', 49.28),
(2601, 16, 3, '05-11-2022', 57.43),
(2602, 16, 3, '05-11-2022', 71.08),
(2603, 16, 3, '05-11-2022', 83.51),
(2604, 16, 3, '05-11-2022', 70.33),
(2605, 16, 4, '05-11-2022', 17.89),
(2606, 16, 4, '05-11-2022', 26.54),
(2607, 16, 4, '05-11-2022', 29.95),
(2608, 4, 18, '05-12-2022', 46.32),
(2609, 4, 18, '05-13-2022', 64.37),
(2610, 4, 18, '05-13-2022', 67.59),
(2611, 4, 18, '05-13-2022', 64.07),
(2612, 16, 4, '05-13-2022', 27.66),
(2613, 16, 4, '05-13-2022', 34.96),
(2614, 16, 4, '05-13-2022', 55.46),
(2615, 16, 4, '05-13-2022', 57.63),
(2616, 4, 19, '05-14-2022', 13.06),
(2617, 16, 4, '05-14-2022', 74.73),
(2618, 16, 4, '05-14-2022', 96.31),
(2619, 4, 19, '05-15-2022', 24.50),
(2620, 4, 19, '05-15-2022', 28.02),
(2621, 4, 19, '05-15-2022', 34.91),
(2622, 4, 19, '05-15-2022', 41.79),
(2623, 16, 5, '05-16-2022', 19.90),
(2624, 4, 19, '05-17-2022', 44.71),
(2625, 4, 19, '05-17-2022', 64.62),
(2626, 4, 19, '05-17-2022', 58.45),
(2627, 4, 19, '05-17-2022', 90.90),
(2628, 4, 19, '05-17-2022', 83.88),
(2629, 16, 5, '05-19-2022', 23.69),
(2630, 16, 5, '05-19-2022', 31.89),
(2631, 16, 5, '05-19-2022', 46.68),
(2632, 16, 5, '05-19-2022', 53.76),
(2633, 4, 20, '05-20-2022', 14.28),
(2634, 4, 20, '05-20-2022', 20.09),
(2635, 4, 20, '05-20-2022', 30.56),
(2636, 4, 20, '05-20-2022', 33.72),
(2637, 16, 5, '05-20-2022', 63.51),
(2638, 16, 5, '05-20-2022', 47.65),
(2639, 16, 5, '05-20-2022', 74.86),
(2640, 16, 5, '05-20-2022', 69.62),
(2641, 4, 20, '05-21-2022', 47.64),
(2642, 4, 20, '05-21-2022', 51.77),
(2643, 4, 20, '05-23-2022', 75.36),
(2644, 4, 20, '05-23-2022', 55.17),
(2645, 16, 5, '05-23-2022', 68.58),
(2646, 16, 6, '05-23-2022', 13.28),
(2647, 4, 20, '05-24-2022', 91.96),
(2648, 16, 6, '05-25-2022', 25.08),
(2649, 16, 6, '05-25-2022', 23.47),
(2650, 16, 6, '05-25-2022', 34.03),
(2651, 16, 6, '05-25-2022', 47.85),
(2652, 16, 6, '05-25-2022', 50.06),
(2653, 16, 6, '05-25-2022', 51.08),
(2654, 16, 6, '05-25-2022', 71.80),
(2655, 16, 6, '05-26-2022', 54.46),
(2656, 16, 6, '05-26-2022', 96.21),
(2657, 16, 7, '05-26-2022', 11.99),
(2658, 16, 7, '05-26-2022', 18.57),
(2659, 16, 7, '05-26-2022', 28.93),
(2660, 16, 7, '05-26-2022', 31.16),
(2661, 16, 7, '05-26-2022', 51.39),
(2662, 16, 7, '05-26-2022', 41.23),
(2663, 4, 20, '05-27-2022', 64.67),
(2664, 4, 21, '05-29-2022', 16.60),
(2665, 16, 7, '05-29-2022', 68.55),
(2666, 16, 7, '05-29-2022', 61.06),
(2667, 16, 7, '05-29-2022', 89.97),
(2668, 16, 7, '05-29-2022', 72.68),
(2669, 16, 8, '05-29-2022', 17.90),
(2670, 16, 8, '05-31-2022', 20.13),
(2671, 16, 8, '06-02-2022', 27.73),
(2672, 16, 8, '06-05-2022', 38.90),
(2673, 16, 8, '06-06-2022', 43.32),
(2674, 16, 8, '06-06-2022', 54.67),
(2675, 16, 8, '06-06-2022', 66.44),
(2676, 16, 8, '06-06-2022', 63.99),
(2677, 16, 8, '06-06-2022', 76.32),
(2678, 16, 8, '06-06-2022', 89.63),
(2679, 16, 9, '06-08-2022', 15.51),
(2680, 16, 9, '06-08-2022', 24.66),
(2681, 16, 9, '06-11-2022', 33.81),
(2682, 16, 9, '06-11-2022', 34.39),
(2683, 16, 9, '06-11-2022', 52.72),
(2684, 16, 9, '06-14-2022', 53.91),
(2685, 16, 9, '06-17-2022', 61.94),
(2686, 16, 9, '06-17-2022', 76.04),
(2687, 16, 9, '06-18-2022', 86.84),
(2688, 16, 9, '06-18-2022', 96.20),
(2689, 16, 10, '06-18-2022', 17.83),
(2690, 16, 10, '06-18-2022', 16.40),
(2691, 16, 10, '06-18-2022', 33.76),
(2692, 16, 10, '06-18-2022', 30.23),
(2693, 16, 10, '06-21-2022', 41.44),
(2694, 16, 10, '06-21-2022', 61.69),
(2695, 16, 10, '06-21-2022', 53.03),
(2696, 16, 10, '06-21-2022', 71.17),
(2697, 16, 10, '06-21-2022', 62.22),
(2698, 16, 10, '06-22-2022', 86.37),
(2699, 16, 24, '06-24-2022', 14.83),
(2700, 16, 24, '06-25-2022', 22.57),
(2701, 16, 24, '06-26-2022', 27.21),
(2702, 16, 24, '06-29-2022', 46.03),
(2703, 16, 24, '07-01-2022', 42.84),
(2704, 16, 24, '07-04-2022', 49.94),
(2705, 16, 24, '07-04-2022', 62.31),
(2706, 16, 24, '07-04-2022', 73.59),
(2707, 16, 24, '07-04-2022', 71.92),
(2708, 16, 24, '07-04-2022', 83.51),
(2709, 15, 1, '07-07-2022', 16.99),
(2710, 15, 1, '07-07-2022', 19.28),
(2711, 16, 12, '07-07-2022', 14.23),
(2712, 16, 12, '07-07-2022', 18.72),
(2713, 15, 1, '07-09-2022', 32.71),
(2714, 15, 1, '07-09-2022', 40.94),
(2715, 16, 12, '07-10-2022', 27.02),
(2716, 15, 1, '07-11-2022', 54.80),
(2717, 15, 1, '07-11-2022', 51.42),
(2718, 16, 12, '07-12-2022', 43.08),
(2719, 16, 12, '07-12-2022', 37.79),
(2720, 16, 12, '07-12-2022', 53.58),
(2721, 16, 12, '07-12-2022', 41.36),
(2722, 16, 12, '07-12-2022', 71.48),
(2723, 16, 12, '07-12-2022', 98.58),
(2724, 16, 12, '07-13-2022', 87.92),
(2725, 16, 13, '07-13-2022', 18.02),
(2726, 15, 1, '07-14-2022', 53.29),
(2727, 16, 13, '07-14-2022', 18.86),
(2728, 16, 13, '07-14-2022', 25.42),
(2729, 16, 13, '07-14-2022', 30.03),
(2730, 16, 13, '07-14-2022', 55.52),
(2731, 16, 13, '07-14-2022', 61.52),
(2732, 16, 13, '07-14-2022', 67.44),
(2733, 16, 13, '07-14-2022', 61.51),
(2734, 16, 13, '07-14-2022', 58.40),
(2735, 16, 13, '07-14-2022', 81.47),
(2736, 16, 14, '07-14-2022', 16.81),
(2737, 16, 14, '07-14-2022', 18.99),
(2738, 16, 14, '07-14-2022', 28.82),
(2739, 16, 14, '07-14-2022', 38.84),
(2740, 15, 1, '07-16-2022', 75.15),
(2741, 15, 1, '07-16-2022', 63.73),
(2742, 15, 1, '07-16-2022', 91.99),
(2743, 15, 2, '07-17-2022', 16.32),
(2744, 15, 2, '07-17-2022', 21.05),
(2745, 15, 2, '07-17-2022', 34.06),
(2746, 15, 2, '07-17-2022', 33.02),
(2747, 15, 2, '07-17-2022', 32.99),
(2748, 15, 2, '07-17-2022', 48.22),
(2749, 16, 14, '07-17-2022', 36.55),
(2750, 16, 14, '07-19-2022', 39.54),
(2751, 16, 14, '07-19-2022', 67.20),
(2752, 15, 2, '07-20-2022', 64.61),
(2753, 15, 2, '07-20-2022', 80.65),
(2754, 15, 2, '07-20-2022', 68.14),
(2755, 15, 2, '07-20-2022', 90.17),
(2756, 15, 3, '07-20-2022', 11.91),
(2757, 15, 3, '07-20-2022', 23.56),
(2758, 15, 3, '07-20-2022', 37.16),
(2759, 15, 3, '07-20-2022', 33.05),
(2760, 15, 3, '07-21-2022', 43.09),
(2761, 15, 3, '07-21-2022', 38.35),
(2762, 15, 3, '07-21-2022', 55.30),
(2763, 15, 3, '07-21-2022', 68.40),
(2764, 16, 14, '07-22-2022', 60.58),
(2765, 16, 14, '07-22-2022', 79.12),
(2766, 16, 14, '07-22-2022', 89.53),
(2767, 16, 15, '07-22-2022', 13.41),
(2768, 16, 15, '07-22-2022', 19.25),
(2769, 15, 3, '07-23-2022', 84.15),
(2770, 16, 15, '07-23-2022', 35.47),
(2771, 16, 15, '07-23-2022', 43.18),
(2772, 16, 15, '07-23-2022', 37.60),
(2773, 16, 15, '07-23-2022', 54.21),
(2774, 16, 15, '07-24-2022', 53.92),
(2775, 16, 15, '07-24-2022', 52.17),
(2776, 15, 3, '07-26-2022', 79.62),
(2777, 16, 15, '07-26-2022', 78.82),
(2778, 16, 15, '07-26-2022', 96.72),
(2779, 16, 16, '07-26-2022', 18.66),
(2780, 16, 16, '07-26-2022', 24.83),
(2781, 16, 16, '07-28-2022', 34.05),
(2782, 16, 16, '07-28-2022', 29.62),
(2783, 16, 16, '07-28-2022', 50.09),
(2784, 16, 16, '07-28-2022', 60.15),
(2785, 15, 4, '07-29-2022', 17.15),
(2786, 15, 4, '07-30-2022', 17.58),
(2787, 15, 4, '07-30-2022', 26.58),
(2788, 15, 4, '07-30-2022', 29.30),
(2789, 16, 16, '07-30-2022', 57.45),
(2790, 16, 16, '07-30-2022', 53.06),
(2791, 16, 16, '07-30-2022', 62.46),
(2792, 16, 16, '07-30-2022', 78.56),
(2793, 15, 4, '07-31-2022', 51.27),
(2794, 15, 4, '07-31-2022', 41.05),
(2795, 16, 17, '08-02-2022', 14.15),
(2796, 15, 4, '08-03-2022', 71.57),
(2797, 15, 4, '08-03-2022', 70.12),
(2798, 16, 17, '08-05-2022', 29.11),
(2799, 16, 17, '08-05-2022', 30.90),
(2800, 16, 17, '08-05-2022', 31.81),
(2801, 16, 17, '08-05-2022', 42.61),
(2802, 16, 17, '08-05-2022', 58.47),
(2803, 16, 17, '08-05-2022', 66.33),
(2804, 15, 4, '08-06-2022', 93.45),
(2805, 15, 4, '08-06-2022', 95.66),
(2806, 15, 5, '08-08-2022', 12.76),
(2807, 15, 5, '08-08-2022', 25.11),
(2808, 15, 5, '08-08-2022', 23.87),
(2809, 16, 17, '08-08-2022', 82.52),
(2810, 16, 17, '08-08-2022', 81.30),
(2811, 16, 17, '08-08-2022', 91.26),
(2812, 16, 18, '08-08-2022', 10.57),
(2813, 16, 18, '08-09-2022', 24.11),
(2814, 16, 18, '08-09-2022', 22.95),
(2815, 16, 18, '08-09-2022', 43.01),
(2816, 16, 18, '08-09-2022', 52.76),
(2817, 15, 5, '08-11-2022', 31.75),
(2818, 16, 18, '08-11-2022', 47.62),
(2819, 16, 18, '08-11-2022', 72.02),
(2820, 16, 18, '08-11-2022', 68.17),
(2821, 16, 18, '08-11-2022', 84.60),
(2822, 15, 5, '08-13-2022', 41.17),
(2823, 15, 5, '08-13-2022', 49.75),
(2824, 16, 18, '08-13-2022', 65.10),
(2825, 15, 5, '08-15-2022', 56.19),
(2826, 15, 5, '08-15-2022', 87.62),
(2827, 15, 5, '08-15-2022', 80.24),
(2828, 16, 19, '08-16-2022', 15.84),
(2829, 16, 19, '08-16-2022', 27.51),
(2830, 15, 5, '08-17-2022', 98.71),
(2831, 15, 6, '08-17-2022', 10.43),
(2832, 15, 6, '08-17-2022', 24.87),
(2833, 15, 6, '08-17-2022', 27.02),
(2834, 15, 6, '08-17-2022', 39.04),
(2835, 15, 6, '08-17-2022', 45.71),
(2836, 15, 6, '08-18-2022', 56.53),
(2837, 16, 19, '08-18-2022', 30.11),
(2838, 16, 19, '08-18-2022', 47.96),
(2839, 16, 19, '08-19-2022', 46.75),
(2840, 16, 19, '08-20-2022', 43.49),
(2841, 15, 6, '08-21-2022', 52.51),
(2842, 16, 19, '08-21-2022', 51.67),
(2843, 16, 19, '08-23-2022', 60.73),
(2844, 16, 19, '08-23-2022', 87.23),
(2845, 16, 19, '08-23-2022', 64.31),
(2846, 16, 20, '08-23-2022', 15.36),
(2847, 16, 20, '08-23-2022', 19.10),
(2848, 16, 20, '08-23-2022', 32.63),
(2849, 16, 20, '08-23-2022', 35.51),
(2850, 16, 20, '08-23-2022', 38.55),
(2851, 15, 6, '08-24-2022', 69.37),
(2852, 15, 6, '08-24-2022', 77.69),
(2853, 15, 6, '08-24-2022', 96.24),
(2854, 16, 20, '08-25-2022', 46.88),
(2855, 16, 20, '08-25-2022', 50.73),
(2856, 15, 7, '08-26-2022', 12.64),
(2857, 15, 7, '08-26-2022', 22.32),
(2858, 15, 7, '08-27-2022', 28.46),
(2859, 15, 7, '08-27-2022', 31.64),
(2860, 16, 20, '08-27-2022', 50.06),
(2861, 15, 7, '08-28-2022', 47.68),
(2862, 15, 7, '08-29-2022', 58.46),
(2863, 15, 7, '08-29-2022', 53.14),
(2864, 15, 7, '08-29-2022', 77.95),
(2865, 15, 7, '08-29-2022', 93.96),
(2866, 15, 7, '08-29-2022', 91.95),
(2867, 15, 17, '08-29-2022', 17.11),
(2868, 15, 17, '08-29-2022', 24.68),
(2869, 15, 17, '08-29-2022', 31.99),
(2870, 15, 17, '08-29-2022', 38.81),
(2871, 15, 17, '08-29-2022', 34.79),
(2872, 16, 20, '08-29-2022', 57.42),
(2873, 15, 17, '09-01-2022', 45.17),
(2874, 16, 20, '09-01-2022', 98.50),
(2875, 16, 21, '09-01-2022', 14.44),
(2876, 16, 21, '09-01-2022', 22.06),
(2877, 15, 17, '09-02-2022', 66.91),
(2878, 15, 17, '09-04-2022', 57.89),
(2879, 15, 17, '09-05-2022', 84.18),
(2880, 15, 17, '09-05-2022', 73.91),
(2881, 15, 9, '09-05-2022', 15.12),
(2882, 15, 9, '09-07-2022', 24.67),
(2883, 15, 9, '09-07-2022', 28.06),
(2884, 15, 9, '09-10-2022', 43.87),
(2885, 15, 9, '09-10-2022', 51.34),
(2886, 15, 9, '09-11-2022', 45.94),
(2887, 15, 9, '09-11-2022', 49.15),
(2888, 15, 9, '09-11-2022', 79.91),
(2889, 15, 9, '09-11-2022', 56.52),
(2890, 15, 9, '09-11-2022', 86.49),
(2891, 15, 10, '09-12-2022', 10.37),
(2892, 15, 10, '09-12-2022', 26.52),
(2893, 15, 10, '09-12-2022', 27.06),
(2894, 15, 10, '09-12-2022', 35.21),
(2895, 15, 10, '09-12-2022', 54.92),
(2896, 15, 10, '09-12-2022', 55.33),
(2897, 15, 10, '09-15-2022', 61.47),
(2898, 15, 10, '09-15-2022', 89.00),
(2899, 15, 10, '09-16-2022', 55.33),
(2900, 15, 10, '09-18-2022', 73.05),
(2901, 15, 11, '09-18-2022', 14.48),
(2902, 15, 11, '09-18-2022', 26.38),
(2903, 15, 11, '09-18-2022', 38.64),
(2904, 15, 11, '09-18-2022', 31.99),
(2905, 15, 11, '09-18-2022', 45.72),
(2906, 15, 11, '09-18-2022', 50.22),
(2907, 15, 11, '09-20-2022', 72.58),
(2908, 15, 11, '09-21-2022', 72.15),
(2909, 15, 11, '09-21-2022', 85.44),
(2910, 15, 11, '09-21-2022', 74.33),
(2911, 15, 12, '09-21-2022', 18.33),
(2912, 15, 12, '09-22-2022', 18.39),
(2913, 15, 12, '09-25-2022', 22.73),
(2914, 15, 12, '09-25-2022', 35.95),
(2915, 15, 12, '09-28-2022', 48.75),
(2916, 15, 12, '10-01-2022', 48.12),
(2917, 15, 12, '10-01-2022', 61.78),
(2918, 15, 12, '10-01-2022', 80.99),
(2919, 15, 12, '10-01-2022', 54.77),
(2920, 15, 12, '10-01-2022', 62.42),
(2921, 15, 13, '10-01-2022', 16.04),
(2922, 15, 13, '10-01-2022', 20.55),
(2923, 15, 13, '10-02-2022', 24.90),
(2924, 15, 13, '10-02-2022', 46.17),
(2925, 15, 13, '10-03-2022', 46.20),
(2926, 15, 13, '10-04-2022', 58.98),
(2927, 15, 13, '10-04-2022', 67.05),
(2928, 15, 13, '10-04-2022', 78.46),
(2929, 15, 13, '10-04-2022', 69.19),
(2930, 15, 13, '10-04-2022', 81.36),
(2931, 15, 14, '10-04-2022', 14.62),
(2932, 15, 14, '10-05-2022', 25.88),
(2933, 15, 14, '10-05-2022', 28.21),
(2934, 15, 14, '10-05-2022', 38.17),
(2935, 15, 14, '10-05-2022', 55.24),
(2936, 15, 14, '10-05-2022', 51.84),
(2937, 15, 14, '10-05-2022', 55.25),
(2938, 15, 14, '10-05-2022', 72.79),
(2939, 15, 14, '10-05-2022', 80.72),
(2940, 15, 14, '10-05-2022', 89.62),
(2941, 15, 29, '10-05-2022', 18.20),
(2942, 15, 29, '10-05-2022', 23.52),
(2943, 15, 29, '10-05-2022', 27.43),
(2944, 15, 29, '10-05-2022', 27.85),
(2945, 15, 29, '10-05-2022', 57.14),
(2946, 15, 29, '10-05-2022', 45.29),
(2947, 15, 29, '10-05-2022', 48.57),
(2948, 15, 29, '10-05-2022', 79.08),
(2949, 15, 29, '10-05-2022', 78.23),
(2950, 15, 29, '10-05-2022', 94.96),
(2951, 15, 16, '10-05-2022', 17.57),
(2952, 15, 16, '10-05-2022', 26.95),
(2953, 15, 16, '10-05-2022', 33.13),
(2954, 15, 16, '10-05-2022', 42.00),
(2955, 15, 16, '10-05-2022', 50.63),
(2956, 15, 16, '10-05-2022', 53.84);
INSERT INTO `rozgrywki` (`ID_rozgr`, `ID_gracza`, `ID_mapy`, `Data_rozgrywki`, `Wynik`) VALUES
(2957, 15, 16, '10-05-2022', 61.93),
(2958, 15, 16, '10-05-2022', 47.49),
(2959, 15, 16, '10-05-2022', 68.86),
(2960, 15, 16, '10-07-2022', 76.95),
(2961, 15, 17, '10-07-2022', 12.83),
(2962, 15, 17, '10-08-2022', 21.84),
(2963, 15, 17, '10-08-2022', 22.57),
(2964, 15, 17, '10-08-2022', 45.77),
(2965, 15, 17, '10-08-2022', 39.16),
(2966, 15, 17, '10-08-2022', 56.29),
(2967, 15, 17, '10-08-2022', 67.93),
(2968, 15, 17, '10-10-2022', 61.13),
(2969, 15, 17, '10-10-2022', 89.54),
(2970, 15, 17, '10-12-2022', 89.05),
(2971, 15, 18, '10-12-2022', 19.37),
(2972, 15, 18, '10-12-2022', 22.59),
(2973, 15, 18, '10-15-2022', 26.15),
(2974, 15, 18, '10-15-2022', 41.18),
(2975, 15, 18, '10-15-2022', 46.47),
(2976, 15, 18, '10-15-2022', 46.21),
(2977, 15, 18, '10-17-2022', 57.52),
(2978, 15, 18, '10-17-2022', 73.35),
(2979, 15, 18, '10-20-2022', 68.96),
(2980, 15, 18, '10-20-2022', 72.63),
(2981, 15, 19, '10-20-2022', 17.07),
(2982, 15, 19, '10-23-2022', 19.42),
(2983, 15, 19, '10-23-2022', 32.71),
(2984, 15, 19, '10-25-2022', 42.87),
(2985, 15, 19, '10-25-2022', 53.92),
(2986, 15, 19, '10-25-2022', 49.64),
(2987, 15, 19, '10-25-2022', 58.72),
(2988, 15, 19, '10-25-2022', 64.11),
(2989, 15, 19, '10-25-2022', 60.56),
(2990, 15, 20, '10-25-2022', 13.40),
(2991, 15, 20, '10-26-2022', 16.00),
(2992, 15, 20, '10-26-2022', 35.28),
(2993, 15, 20, '10-26-2022', 34.13),
(2994, 15, 20, '10-26-2022', 43.24),
(2995, 15, 20, '10-26-2022', 59.88),
(2996, 15, 20, '10-28-2022', 60.52),
(2997, 15, 20, '10-28-2022', 65.87),
(2998, 15, 20, '10-28-2022', 63.02),
(2999, 15, 20, '10-28-2022', 60.56),
(3000, 15, 21, '10-28-2022', 18.26),
(3001, 7, 1, '11-11-2022', 14.62),
(3002, 7, 1, '11-11-2022', 28.24),
(3003, 7, 1, '11-11-2022', 24.52),
(3004, 7, 1, '11-11-2022', 35.34),
(3005, 7, 1, '11-11-2022', 49.08),
(3006, 7, 1, '11-13-2022', 45.70),
(3007, 7, 1, '11-13-2022', 64.19),
(3008, 7, 1, '11-16-2022', 62.07),
(3009, 7, 1, '11-16-2022', 94.16),
(3010, 7, 2, '11-16-2022', 15.04),
(3011, 7, 2, '11-17-2022', 18.43),
(3012, 7, 2, '11-17-2022', 32.00),
(3013, 7, 2, '11-17-2022', 44.93),
(3014, 7, 2, '11-19-2022', 40.77),
(3015, 7, 2, '11-21-2022', 47.74),
(3016, 7, 2, '11-21-2022', 49.02),
(3017, 7, 2, '11-21-2022', 80.91),
(3018, 7, 2, '11-21-2022', 59.74),
(3019, 7, 2, '11-21-2022', 64.71),
(3020, 7, 21, '11-21-2022', 10.40),
(3021, 7, 21, '11-21-2022', 22.88),
(3022, 7, 21, '11-21-2022', 24.69),
(3023, 7, 21, '11-21-2022', 37.73),
(3024, 7, 21, '11-21-2022', 45.99),
(3025, 7, 3, '11-21-2022', 58.81),
(3026, 7, 3, '11-21-2022', 71.45),
(3027, 7, 3, '11-22-2022', 61.25),
(3028, 7, 3, '11-22-2022', 61.92),
(3029, 7, 3, '11-23-2022', 84.27),
(3030, 7, 4, '11-23-2022', 16.16),
(3031, 7, 4, '11-23-2022', 22.04),
(3032, 7, 4, '11-25-2022', 31.31),
(3033, 7, 4, '11-25-2022', 43.68),
(3034, 7, 4, '11-25-2022', 38.84),
(3035, 7, 4, '11-25-2022', 56.10),
(3036, 7, 4, '11-25-2022', 72.08),
(3037, 7, 4, '11-25-2022', 82.98),
(3038, 7, 4, '11-25-2022', 79.66),
(3039, 7, 4, '11-25-2022', 75.55),
(3040, 7, 5, '11-27-2022', 14.82),
(3041, 7, 5, '11-27-2022', 20.91),
(3042, 7, 5, '11-30-2022', 29.48),
(3043, 7, 5, '12-01-2022', 41.10),
(3044, 7, 5, '12-01-2022', 49.61),
(3045, 7, 5, '12-01-2022', 53.79),
(3046, 7, 5, '12-01-2022', 48.26),
(3047, 7, 5, '12-01-2022', 78.02),
(3048, 7, 5, '12-01-2022', 64.93),
(3049, 7, 5, '12-02-2022', 76.98),
(3050, 7, 6, '12-02-2022', 16.28),
(3051, 7, 6, '12-02-2022', 23.32),
(3052, 7, 6, '12-02-2022', 33.56),
(3053, 7, 6, '12-02-2022', 39.27),
(3054, 7, 6, '12-02-2022', 39.75),
(3055, 7, 6, '12-04-2022', 46.09),
(3056, 7, 6, '12-05-2022', 70.75),
(3057, 7, 6, '12-07-2022', 50.75),
(3058, 7, 6, '12-07-2022', 90.39),
(3059, 7, 6, '12-10-2022', 89.09),
(3060, 7, 7, '12-11-2022', 18.96),
(3061, 7, 7, '12-11-2022', 19.37),
(3062, 7, 7, '12-14-2022', 30.74),
(3063, 7, 7, '12-15-2022', 43.12),
(3064, 7, 7, '12-17-2022', 55.35),
(3065, 7, 7, '12-19-2022', 48.51),
(3066, 7, 7, '12-19-2022', 68.11),
(3067, 7, 7, '12-19-2022', 78.42),
(3068, 7, 7, '12-21-2022', 79.38),
(3069, 7, 7, '12-22-2022', 81.93),
(3070, 7, 17, '12-22-2022', 14.23),
(3071, 7, 17, '12-22-2022', 26.78),
(3072, 7, 17, '12-22-2022', 26.73),
(3073, 7, 17, '12-24-2022', 42.93),
(3074, 7, 17, '12-24-2022', 52.87),
(3075, 7, 17, '12-24-2022', 47.02),
(3076, 7, 17, '12-24-2022', 49.03),
(3077, 7, 17, '12-24-2022', 61.88),
(3078, 7, 17, '12-24-2022', 60.40),
(3079, 7, 17, '12-24-2022', 72.14),
(3080, 7, 9, '12-24-2022', 19.02),
(3081, 7, 9, '12-24-2022', 28.77),
(3082, 7, 9, '12-24-2022', 35.06),
(3083, 7, 9, '12-24-2022', 38.16),
(3084, 10, 1, '12-25-2022', 13.01),
(3085, 10, 1, '12-26-2022', 22.41),
(3086, 10, 1, '12-26-2022', 33.70),
(3087, 7, 9, '12-27-2022', 42.55),
(3088, 7, 9, '12-27-2022', 64.46),
(3089, 7, 9, '12-27-2022', 57.64),
(3090, 7, 9, '12-27-2022', 54.99),
(3091, 7, 9, '12-28-2022', 84.43),
(3092, 7, 9, '12-28-2022', 77.04),
(3093, 10, 1, '12-29-2022', 38.55),
(3094, 10, 1, '12-30-2022', 32.80),
(3095, 10, 1, '12-30-2022', 64.32),
(3096, 10, 1, '12-30-2022', 51.54),
(3097, 10, 1, '12-30-2022', 63.87),
(3098, 10, 1, '12-30-2022', 68.03),
(3099, 10, 1, '12-30-2022', 76.98),
(3100, 10, 2, '12-30-2022', 13.33),
(3101, 10, 2, '12-30-2022', 20.49),
(3102, 10, 2, '12-30-2022', 22.12),
(3103, 7, 10, '12-31-2022', 15.65),
(3104, 10, 2, '12-31-2022', 42.47),
(3105, 10, 2, '12-31-2022', 36.01),
(3106, 7, 10, '01-03-2023', 24.07),
(3107, 7, 10, '01-03-2023', 26.00),
(3108, 7, 10, '01-03-2023', 30.94),
(3109, 7, 10, '01-03-2023', 56.80),
(3110, 7, 10, '01-03-2023', 44.11),
(3111, 7, 10, '01-03-2023', 54.11),
(3112, 7, 10, '01-03-2023', 71.56),
(3113, 7, 10, '01-03-2023', 59.58),
(3114, 7, 10, '01-03-2023', 92.47),
(3115, 10, 2, '01-03-2023', 60.22),
(3116, 7, 11, '01-05-2023', 11.43),
(3117, 7, 11, '01-05-2023', 27.70),
(3118, 7, 11, '01-05-2023', 33.56),
(3119, 7, 11, '01-05-2023', 39.44),
(3120, 10, 2, '01-05-2023', 60.26),
(3121, 7, 11, '01-07-2023', 55.44),
(3122, 7, 11, '01-07-2023', 57.36),
(3123, 7, 11, '01-07-2023', 71.02),
(3124, 7, 11, '01-07-2023', 65.67),
(3125, 10, 2, '01-08-2023', 73.68),
(3126, 10, 2, '01-08-2023', 62.61),
(3127, 7, 11, '01-10-2023', 76.68),
(3128, 10, 2, '01-10-2023', 74.04),
(3129, 10, 3, '01-10-2023', 19.66),
(3130, 10, 3, '01-10-2023', 19.87),
(3131, 10, 3, '01-10-2023', 24.85),
(3132, 10, 3, '01-10-2023', 34.64),
(3133, 10, 3, '01-10-2023', 43.78),
(3134, 10, 3, '01-12-2023', 48.02),
(3135, 10, 3, '01-12-2023', 54.79),
(3136, 10, 3, '01-12-2023', 66.43),
(3137, 7, 11, '01-13-2023', 78.61),
(3138, 10, 3, '01-14-2023', 73.16),
(3139, 7, 29, '01-15-2023', 13.60),
(3140, 7, 29, '01-15-2023', 23.01),
(3141, 7, 29, '01-15-2023', 26.43),
(3142, 7, 29, '01-15-2023', 35.57),
(3143, 10, 3, '01-16-2023', 59.88),
(3144, 10, 4, '01-16-2023', 10.76),
(3145, 10, 4, '01-16-2023', 27.20),
(3146, 10, 4, '01-16-2023', 29.09),
(3147, 7, 29, '01-18-2023', 49.15),
(3148, 7, 29, '01-18-2023', 60.55),
(3149, 7, 29, '01-18-2023', 51.90),
(3150, 7, 29, '01-18-2023', 71.69),
(3151, 7, 29, '01-18-2023', 69.75),
(3152, 10, 4, '01-18-2023', 32.14),
(3153, 10, 4, '01-18-2023', 31.26),
(3154, 7, 29, '01-19-2023', 67.90),
(3155, 7, 13, '01-19-2023', 13.82),
(3156, 7, 13, '01-19-2023', 17.42),
(3157, 7, 13, '01-19-2023', 27.81),
(3158, 7, 13, '01-19-2023', 41.77),
(3159, 7, 13, '01-20-2023', 49.00),
(3160, 7, 13, '01-20-2023', 60.11),
(3161, 7, 13, '01-20-2023', 73.92),
(3162, 7, 13, '01-20-2023', 55.15),
(3163, 7, 13, '01-20-2023', 91.09),
(3164, 7, 13, '01-20-2023', 68.32),
(3165, 7, 14, '01-21-2023', 13.30),
(3166, 7, 14, '01-21-2023', 23.02),
(3167, 7, 14, '01-21-2023', 37.76),
(3168, 7, 14, '01-21-2023', 38.10),
(3169, 7, 14, '01-21-2023', 57.22),
(3170, 7, 14, '01-21-2023', 56.04),
(3171, 7, 14, '01-21-2023', 69.44),
(3172, 7, 14, '01-21-2023', 79.94),
(3173, 10, 4, '01-21-2023', 61.10),
(3174, 10, 4, '01-21-2023', 78.59),
(3175, 10, 4, '01-21-2023', 71.07),
(3176, 10, 4, '01-21-2023', 64.04),
(3177, 10, 4, '01-23-2023', 68.33),
(3178, 10, 5, '01-23-2023', 16.90),
(3179, 10, 5, '01-23-2023', 23.60),
(3180, 10, 5, '01-23-2023', 28.30),
(3181, 10, 5, '01-23-2023', 48.50),
(3182, 10, 5, '01-23-2023', 38.26),
(3183, 10, 5, '01-23-2023', 61.68),
(3184, 7, 14, '01-24-2023', 56.47),
(3185, 7, 14, '01-24-2023', 61.44),
(3186, 7, 30, '01-24-2023', 18.03),
(3187, 7, 30, '01-24-2023', 25.80),
(3188, 7, 30, '01-26-2023', 23.45),
(3189, 7, 30, '01-26-2023', 36.52),
(3190, 7, 30, '01-26-2023', 33.24),
(3191, 7, 30, '01-26-2023', 60.10),
(3192, 7, 30, '01-26-2023', 59.34),
(3193, 7, 30, '01-26-2023', 83.18),
(3194, 7, 30, '01-26-2023', 81.81),
(3195, 7, 30, '01-26-2023', 77.82),
(3196, 10, 5, '01-26-2023', 43.75),
(3197, 10, 5, '01-26-2023', 60.25),
(3198, 10, 5, '01-26-2023', 81.67),
(3199, 10, 5, '01-28-2023', 70.30),
(3200, 7, 16, '01-29-2023', 12.56),
(3201, 7, 16, '01-29-2023', 21.76),
(3202, 7, 16, '01-29-2023', 26.35),
(3203, 7, 16, '01-29-2023', 29.77),
(3204, 7, 16, '01-29-2023', 46.75),
(3205, 7, 16, '01-29-2023', 48.95),
(3206, 10, 6, '01-29-2023', 18.45),
(3207, 10, 6, '01-29-2023', 21.72),
(3208, 10, 6, '01-29-2023', 31.01),
(3209, 7, 16, '01-30-2023', 63.23),
(3210, 7, 16, '01-31-2023', 87.73),
(3211, 7, 16, '01-31-2023', 92.19),
(3212, 10, 6, '01-31-2023', 30.49),
(3213, 7, 16, '02-01-2023', 72.13),
(3214, 7, 17, '02-01-2023', 18.71),
(3215, 10, 6, '02-02-2023', 55.96),
(3216, 7, 17, '02-04-2023', 20.58),
(3217, 10, 6, '02-04-2023', 45.57),
(3218, 10, 6, '02-04-2023', 55.85),
(3219, 10, 6, '02-05-2023', 63.85),
(3220, 7, 17, '02-06-2023', 38.39),
(3221, 10, 6, '02-08-2023', 71.45),
(3222, 7, 17, '02-09-2023', 44.09),
(3223, 7, 17, '02-09-2023', 39.52),
(3224, 10, 6, '02-09-2023', 91.10),
(3225, 10, 7, '02-09-2023', 11.46),
(3226, 7, 17, '02-10-2023', 65.16),
(3227, 10, 7, '02-11-2023', 16.90),
(3228, 10, 7, '02-11-2023', 33.86),
(3229, 10, 7, '02-11-2023', 35.79),
(3230, 10, 7, '02-11-2023', 32.62),
(3231, 10, 7, '02-11-2023', 60.65),
(3232, 10, 7, '02-11-2023', 63.60),
(3233, 7, 17, '02-12-2023', 65.27),
(3234, 10, 7, '02-12-2023', 63.24),
(3235, 10, 7, '02-12-2023', 84.42),
(3236, 7, 17, '02-13-2023', 56.38),
(3237, 10, 7, '02-13-2023', 69.03),
(3238, 10, 21, '02-13-2023', 13.24),
(3239, 10, 21, '02-13-2023', 20.55),
(3240, 10, 21, '02-13-2023', 31.39),
(3241, 10, 21, '02-13-2023', 34.99),
(3242, 7, 17, '02-14-2023', 60.92),
(3243, 10, 21, '02-14-2023', 41.47),
(3244, 10, 21, '02-14-2023', 39.43),
(3245, 10, 21, '02-14-2023', 51.11),
(3246, 10, 21, '02-14-2023', 78.53),
(3247, 10, 17, '02-15-2023', 87.41),
(3248, 7, 17, '02-16-2023', 84.57),
(3249, 7, 18, '02-16-2023', 10.67),
(3250, 10, 17, '02-17-2023', 75.07),
(3251, 10, 9, '02-17-2023', 19.66),
(3252, 10, 9, '02-17-2023', 24.63),
(3253, 10, 9, '02-17-2023', 35.38),
(3254, 7, 18, '02-19-2023', 24.54),
(3255, 7, 18, '02-19-2023', 33.09),
(3256, 7, 18, '02-19-2023', 42.64),
(3257, 10, 9, '02-19-2023', 44.47),
(3258, 10, 9, '02-19-2023', 56.89),
(3259, 10, 9, '02-19-2023', 42.60),
(3260, 10, 9, '02-19-2023', 75.58),
(3261, 7, 18, '02-20-2023', 46.99),
(3262, 7, 18, '02-21-2023', 54.42),
(3263, 7, 18, '02-21-2023', 49.86),
(3264, 10, 9, '02-21-2023', 79.37),
(3265, 10, 9, '02-21-2023', 72.97),
(3266, 10, 9, '02-22-2023', 77.14),
(3267, 7, 18, '02-24-2023', 81.84),
(3268, 10, 10, '02-24-2023', 19.55),
(3269, 10, 10, '02-24-2023', 22.43),
(3270, 10, 10, '02-24-2023', 26.41),
(3271, 7, 18, '02-27-2023', 85.29),
(3272, 7, 18, '02-27-2023', 75.96),
(3273, 7, 19, '02-27-2023', 18.37),
(3274, 10, 10, '02-27-2023', 33.97),
(3275, 10, 10, '02-27-2023', 55.92),
(3276, 10, 10, '02-27-2023', 64.35),
(3277, 10, 10, '02-27-2023', 77.73),
(3278, 10, 10, '02-27-2023', 58.86),
(3279, 10, 10, '02-27-2023', 88.85),
(3280, 7, 19, '03-01-2023', 22.26),
(3281, 7, 19, '03-01-2023', 36.43),
(3282, 7, 19, '03-01-2023', 34.88),
(3283, 7, 19, '03-01-2023', 38.75),
(3284, 7, 19, '03-01-2023', 48.86),
(3285, 7, 19, '03-01-2023', 48.03),
(3286, 7, 19, '03-01-2023', 73.52),
(3287, 10, 10, '03-01-2023', 100.00),
(3288, 7, 19, '03-02-2023', 72.54),
(3289, 7, 19, '03-02-2023', 75.21),
(3290, 7, 20, '03-02-2023', 19.61),
(3291, 10, 11, '03-02-2023', 19.67),
(3292, 10, 11, '03-02-2023', 27.43),
(3293, 10, 11, '03-03-2023', 37.20),
(3294, 10, 11, '03-03-2023', 42.69),
(3295, 10, 11, '03-03-2023', 48.73),
(3296, 7, 20, '03-04-2023', 23.21),
(3297, 7, 20, '03-04-2023', 28.83),
(3298, 10, 11, '03-04-2023', 41.17),
(3299, 10, 11, '03-04-2023', 71.38),
(3300, 10, 11, '03-05-2023', 54.70),
(3301, 10, 11, '03-05-2023', 59.73),
(3302, 10, 11, '03-05-2023', 84.19),
(3303, 7, 20, '03-07-2023', 36.45),
(3304, 10, 12, '03-07-2023', 12.55),
(3305, 10, 12, '03-07-2023', 27.83),
(3306, 10, 12, '03-07-2023', 29.38),
(3307, 10, 12, '03-07-2023', 31.92),
(3308, 10, 12, '03-07-2023', 37.49),
(3309, 7, 20, '03-09-2023', 49.39),
(3310, 7, 20, '03-09-2023', 41.82),
(3311, 7, 20, '03-09-2023', 49.68),
(3312, 7, 20, '03-09-2023', 72.53),
(3313, 7, 20, '03-09-2023', 85.20),
(3314, 7, 20, '03-09-2023', 72.20),
(3315, 7, 21, '03-09-2023', 19.03),
(3316, 10, 12, '03-09-2023', 66.59),
(3317, 10, 12, '03-09-2023', 42.77),
(3318, 10, 12, '03-12-2023', 79.54),
(3319, 10, 12, '03-12-2023', 55.10),
(3320, 10, 12, '03-13-2023', 65.30),
(3321, 10, 13, '03-13-2023', 10.36),
(3322, 10, 13, '03-13-2023', 21.54),
(3323, 10, 13, '03-15-2023', 33.92),
(3324, 10, 13, '03-16-2023', 34.16),
(3325, 10, 13, '03-16-2023', 49.06),
(3326, 10, 13, '03-16-2023', 60.93),
(3327, 10, 13, '03-17-2023', 78.73),
(3328, 10, 13, '03-17-2023', 48.18),
(3329, 10, 13, '03-20-2023', 58.84),
(3330, 10, 13, '03-23-2023', 59.15),
(3331, 10, 14, '03-24-2023', 11.94),
(3332, 10, 14, '03-24-2023', 21.01),
(3333, 10, 14, '03-25-2023', 25.18),
(3334, 10, 14, '03-25-2023', 39.65),
(3335, 10, 14, '03-28-2023', 51.78),
(3336, 10, 14, '03-28-2023', 60.41),
(3337, 10, 14, '03-28-2023', 66.35),
(3338, 10, 14, '03-28-2023', 75.63),
(3339, 10, 14, '03-28-2023', 84.91),
(3340, 10, 15, '03-28-2023', 18.70),
(3341, 10, 15, '03-30-2023', 19.92),
(3342, 10, 15, '03-30-2023', 27.27),
(3343, 10, 15, '04-02-2023', 43.20),
(3344, 10, 15, '04-02-2023', 52.08),
(3345, 10, 15, '04-02-2023', 64.99),
(3346, 10, 15, '04-02-2023', 50.94),
(3347, 10, 15, '04-02-2023', 78.73),
(3348, 10, 15, '04-02-2023', 76.85),
(3349, 10, 15, '04-02-2023', 92.01),
(3350, 10, 16, '04-02-2023', 15.89),
(3351, 10, 16, '04-02-2023', 24.48),
(3352, 10, 16, '04-04-2023', 30.72),
(3353, 10, 16, '04-04-2023', 32.17),
(3354, 10, 16, '04-04-2023', 55.68),
(3355, 10, 16, '04-04-2023', 59.65),
(3356, 10, 16, '04-04-2023', 59.57),
(3357, 10, 16, '04-04-2023', 66.24),
(3358, 10, 16, '04-04-2023', 67.26),
(3359, 10, 16, '04-06-2023', 70.18),
(3360, 10, 17, '04-06-2023', 15.04),
(3361, 10, 17, '04-06-2023', 20.53),
(3362, 10, 17, '04-08-2023', 30.56),
(3363, 10, 17, '04-08-2023', 39.30),
(3364, 10, 17, '04-08-2023', 40.36),
(3365, 10, 17, '04-08-2023', 46.91),
(3366, 10, 17, '04-11-2023', 58.22),
(3367, 10, 17, '04-12-2023', 59.83),
(3368, 10, 17, '04-12-2023', 88.77),
(3369, 10, 17, '04-12-2023', 100.00),
(3370, 10, 18, '04-13-2023', 10.13),
(3371, 10, 18, '04-13-2023', 15.84),
(3372, 10, 18, '04-14-2023', 38.36),
(3373, 10, 18, '04-16-2023', 38.20),
(3374, 10, 18, '04-16-2023', 40.35),
(3375, 10, 18, '04-16-2023', 41.26),
(3376, 10, 18, '04-17-2023', 68.83),
(3377, 10, 18, '04-17-2023', 61.53),
(3378, 10, 18, '04-17-2023', 62.77),
(3379, 10, 18, '04-17-2023', 89.99),
(3380, 10, 19, '04-17-2023', 16.39),
(3381, 10, 19, '04-17-2023', 26.76),
(3382, 10, 19, '04-17-2023', 27.80),
(3383, 10, 19, '04-17-2023', 48.87),
(3384, 10, 19, '04-17-2023', 52.44),
(3385, 10, 19, '04-17-2023', 57.54),
(3386, 10, 19, '04-17-2023', 61.69),
(3387, 10, 19, '04-20-2023', 59.43),
(3388, 10, 19, '04-20-2023', 89.93),
(3389, 10, 19, '04-22-2023', 65.80),
(3390, 10, 20, '04-22-2023', 16.84),
(3391, 10, 20, '04-24-2023', 22.50),
(3392, 10, 20, '04-24-2023', 29.41),
(3393, 10, 20, '04-24-2023', 42.98),
(3394, 10, 20, '04-24-2023', 44.78),
(3395, 10, 20, '04-24-2023', 60.22),
(3396, 10, 20, '04-25-2023', 71.21),
(3397, 10, 20, '04-27-2023', 53.49),
(3398, 10, 20, '04-27-2023', 80.14),
(3399, 10, 20, '04-27-2023', 64.63),
(3400, 10, 21, '04-27-2023', 11.62),
(3401, 6, 1, '09-21-2023', 12.06),
(3402, 6, 1, '09-21-2023', 24.50),
(3403, 6, 1, '09-21-2023', 30.31),
(3404, 6, 1, '09-21-2023', 26.38),
(3405, 6, 1, '09-21-2023', 46.81),
(3406, 6, 1, '09-24-2023', 56.96),
(3407, 6, 1, '09-24-2023', 67.95),
(3408, 6, 1, '09-24-2023', 61.86),
(3409, 6, 1, '09-24-2023', 73.98),
(3410, 6, 1, '09-24-2023', 62.36),
(3411, 6, 21, '09-24-2023', 13.77),
(3412, 6, 2, '09-24-2023', 19.52),
(3413, 6, 21, '09-24-2023', 37.11),
(3414, 6, 2, '09-24-2023', 35.26),
(3415, 6, 21, '09-24-2023', 34.53),
(3416, 6, 21, '09-24-2023', 37.28),
(3417, 6, 21, '09-24-2023', 69.62),
(3418, 6, 21, '09-24-2023', 54.25),
(3419, 6, 21, '09-24-2023', 84.03),
(3420, 6, 21, '09-26-2023', 89.97),
(3421, 6, 3, '09-29-2023', 19.90),
(3422, 6, 3, '09-29-2023', 25.62),
(3423, 17, 1, '09-29-2023', 14.20),
(3424, 17, 1, '09-29-2023', 27.69),
(3425, 17, 1, '09-30-2023', 31.12),
(3426, 17, 1, '09-30-2023', 42.48),
(3427, 17, 1, '09-30-2023', 47.87),
(3428, 17, 1, '09-30-2023', 43.68),
(3429, 6, 3, '10-02-2023', 26.42),
(3430, 6, 3, '10-02-2023', 37.94),
(3431, 6, 3, '10-02-2023', 50.83),
(3432, 17, 1, '10-02-2023', 67.93),
(3433, 17, 1, '10-02-2023', 74.81),
(3434, 17, 1, '10-02-2023', 52.53),
(3435, 6, 3, '10-03-2023', 64.34),
(3436, 6, 3, '10-03-2023', 65.54),
(3437, 17, 1, '10-04-2023', 63.22),
(3438, 6, 3, '10-05-2023', 59.91),
(3439, 6, 3, '10-05-2023', 68.45),
(3440, 6, 3, '10-05-2023', 80.57),
(3441, 17, 2, '10-05-2023', 10.93),
(3442, 17, 2, '10-05-2023', 23.99),
(3443, 17, 2, '10-05-2023', 31.53),
(3444, 17, 2, '10-05-2023', 25.76),
(3445, 17, 2, '10-05-2023', 53.91),
(3446, 17, 2, '10-05-2023', 45.58),
(3447, 17, 2, '10-05-2023', 71.74),
(3448, 17, 2, '10-05-2023', 81.77),
(3449, 17, 2, '10-05-2023', 86.98),
(3450, 17, 2, '10-05-2023', 98.26),
(3451, 17, 3, '10-05-2023', 13.17),
(3452, 17, 3, '10-06-2023', 22.24),
(3453, 17, 3, '10-06-2023', 30.27),
(3454, 17, 3, '10-06-2023', 35.27),
(3455, 17, 3, '10-06-2023', 34.49),
(3456, 6, 4, '10-08-2023', 15.64),
(3457, 17, 3, '10-09-2023', 47.80),
(3458, 6, 4, '10-10-2023', 23.13),
(3459, 6, 4, '10-10-2023', 26.22),
(3460, 6, 4, '10-10-2023', 38.07),
(3461, 6, 4, '10-12-2023', 41.76),
(3462, 6, 4, '10-12-2023', 41.72),
(3463, 17, 3, '10-12-2023', 74.97),
(3464, 17, 3, '10-12-2023', 74.05),
(3465, 17, 3, '10-12-2023', 53.49),
(3466, 17, 3, '10-12-2023', 64.67),
(3467, 17, 4, '10-12-2023', 13.09),
(3468, 17, 4, '10-12-2023', 24.54),
(3469, 17, 4, '10-12-2023', 23.70),
(3470, 17, 4, '10-12-2023', 29.03),
(3471, 17, 4, '10-12-2023', 46.60),
(3472, 6, 4, '10-15-2023', 46.45),
(3473, 6, 4, '10-15-2023', 76.06),
(3474, 6, 4, '10-15-2023', 80.56),
(3475, 6, 4, '10-15-2023', 88.73),
(3476, 6, 5, '10-15-2023', 13.38),
(3477, 6, 5, '10-15-2023', 24.01),
(3478, 6, 5, '10-15-2023', 28.27),
(3479, 17, 4, '10-15-2023', 47.32),
(3480, 17, 4, '10-15-2023', 53.36),
(3481, 17, 4, '10-15-2023', 82.07),
(3482, 17, 4, '10-15-2023', 78.68),
(3483, 6, 5, '10-16-2023', 46.12),
(3484, 17, 4, '10-16-2023', 83.26),
(3485, 17, 5, '10-16-2023', 10.02),
(3486, 17, 5, '10-17-2023', 22.74),
(3487, 17, 5, '10-17-2023', 24.30),
(3488, 17, 5, '10-18-2023', 35.53),
(3489, 17, 5, '10-18-2023', 53.01),
(3490, 17, 5, '10-18-2023', 65.54),
(3491, 17, 5, '10-18-2023', 68.78),
(3492, 6, 5, '10-19-2023', 35.41),
(3493, 17, 5, '10-20-2023', 84.13),
(3494, 6, 5, '10-22-2023', 56.51),
(3495, 17, 5, '10-22-2023', 92.04),
(3496, 17, 5, '10-22-2023', 66.56),
(3497, 17, 6, '10-22-2023', 13.42),
(3498, 17, 6, '10-22-2023', 24.20),
(3499, 17, 6, '10-22-2023', 36.41),
(3500, 17, 6, '10-24-2023', 42.08),
(3501, 6, 5, '10-25-2023', 72.35),
(3502, 6, 5, '10-25-2023', 57.77),
(3503, 6, 5, '10-25-2023', 81.76),
(3504, 17, 6, '10-25-2023', 44.08),
(3505, 6, 5, '10-28-2023', 82.06),
(3506, 6, 6, '10-28-2023', 18.25),
(3507, 17, 6, '10-28-2023', 64.53),
(3508, 6, 6, '10-29-2023', 21.10),
(3509, 6, 6, '10-29-2023', 30.88),
(3510, 17, 6, '10-30-2023', 54.02),
(3511, 17, 6, '10-30-2023', 65.03),
(3512, 17, 6, '10-30-2023', 59.83),
(3513, 17, 6, '10-30-2023', 86.21),
(3514, 17, 7, '10-30-2023', 11.89),
(3515, 17, 7, '10-30-2023', 26.09),
(3516, 17, 7, '10-30-2023', 20.40),
(3517, 17, 7, '10-30-2023', 33.52),
(3518, 17, 7, '10-30-2023', 46.17),
(3519, 17, 7, '10-30-2023', 43.99),
(3520, 17, 7, '10-30-2023', 60.61),
(3521, 17, 7, '10-30-2023', 78.97),
(3522, 6, 6, '11-01-2023', 43.69),
(3523, 17, 7, '11-01-2023', 80.58),
(3524, 17, 7, '11-01-2023', 80.04),
(3525, 17, 17, '11-01-2023', 19.65),
(3526, 17, 17, '11-01-2023', 19.56),
(3527, 17, 17, '11-01-2023', 34.05),
(3528, 17, 17, '11-01-2023', 38.98),
(3529, 17, 17, '11-01-2023', 51.17),
(3530, 6, 6, '11-02-2023', 52.71),
(3531, 6, 6, '11-02-2023', 51.03),
(3532, 6, 6, '11-02-2023', 60.07),
(3533, 6, 6, '11-02-2023', 72.92),
(3534, 6, 6, '11-02-2023', 73.87),
(3535, 6, 6, '11-02-2023', 82.13),
(3536, 6, 7, '11-03-2023', 11.99),
(3537, 6, 7, '11-04-2023', 21.45),
(3538, 6, 7, '11-04-2023', 28.67),
(3539, 6, 7, '11-04-2023', 34.49),
(3540, 6, 7, '11-04-2023', 56.65),
(3541, 17, 17, '11-04-2023', 45.88),
(3542, 6, 7, '11-06-2023', 42.19),
(3543, 17, 17, '11-07-2023', 73.24),
(3544, 17, 17, '11-07-2023', 52.06),
(3545, 17, 17, '11-07-2023', 69.41),
(3546, 17, 17, '11-07-2023', 93.85),
(3547, 17, 9, '11-07-2023', 14.08),
(3548, 17, 9, '11-07-2023', 16.95),
(3549, 6, 7, '11-09-2023', 63.99),
(3550, 17, 9, '11-09-2023', 29.95),
(3551, 17, 9, '11-11-2023', 34.34),
(3552, 6, 7, '11-12-2023', 50.96),
(3553, 6, 7, '11-13-2023', 87.64),
(3554, 6, 7, '11-13-2023', 63.85),
(3555, 6, 17, '11-13-2023', 14.56),
(3556, 6, 17, '11-13-2023', 22.76),
(3557, 6, 17, '11-14-2023', 32.03),
(3558, 17, 9, '11-14-2023', 48.96),
(3559, 6, 17, '11-15-2023', 34.25),
(3560, 17, 9, '11-15-2023', 58.92),
(3561, 17, 9, '11-15-2023', 48.85),
(3562, 17, 9, '11-15-2023', 63.07),
(3563, 17, 9, '11-15-2023', 91.27),
(3564, 17, 9, '11-15-2023', 82.52),
(3565, 17, 10, '11-15-2023', 14.88),
(3566, 17, 10, '11-15-2023', 18.60),
(3567, 17, 10, '11-15-2023', 31.71),
(3568, 17, 10, '11-15-2023', 31.71),
(3569, 17, 10, '11-15-2023', 37.91),
(3570, 6, 17, '11-16-2023', 47.14),
(3571, 6, 17, '11-16-2023', 58.74),
(3572, 6, 17, '11-16-2023', 54.60),
(3573, 6, 17, '11-16-2023', 78.19),
(3574, 6, 17, '11-16-2023', 53.99),
(3575, 6, 17, '11-16-2023', 78.02),
(3576, 17, 10, '11-16-2023', 53.12),
(3577, 6, 9, '11-17-2023', 12.43),
(3578, 6, 9, '11-17-2023', 25.15),
(3579, 6, 9, '11-17-2023', 31.29),
(3580, 17, 10, '11-18-2023', 53.30),
(3581, 17, 10, '11-18-2023', 71.95),
(3582, 17, 10, '11-18-2023', 83.78),
(3583, 6, 9, '11-19-2023', 42.25),
(3584, 6, 9, '11-19-2023', 38.10),
(3585, 6, 9, '11-19-2023', 43.83),
(3586, 17, 10, '11-19-2023', 76.17),
(3587, 6, 9, '11-20-2023', 51.87),
(3588, 6, 9, '11-22-2023', 65.85),
(3589, 6, 9, '11-22-2023', 93.47),
(3590, 6, 9, '11-22-2023', 94.45),
(3591, 17, 11, '11-22-2023', 17.90),
(3592, 17, 11, '11-24-2023', 25.39),
(3593, 6, 10, '11-25-2023', 18.94),
(3594, 6, 10, '11-26-2023', 23.32),
(3595, 6, 10, '11-26-2023', 21.92),
(3596, 6, 10, '11-26-2023', 40.93),
(3597, 6, 10, '11-26-2023', 34.57),
(3598, 6, 10, '11-26-2023', 36.82),
(3599, 6, 10, '11-26-2023', 58.55),
(3600, 6, 10, '11-26-2023', 78.37),
(3601, 6, 10, '11-26-2023', 82.47),
(3602, 6, 10, '11-26-2023', 91.34),
(3603, 6, 11, '11-26-2023', 15.90),
(3604, 6, 11, '11-26-2023', 23.32),
(3605, 6, 11, '11-26-2023', 24.81),
(3606, 17, 11, '11-27-2023', 24.72),
(3607, 17, 11, '11-27-2023', 36.11),
(3608, 6, 11, '11-28-2023', 37.64),
(3609, 6, 11, '11-29-2023', 43.57),
(3610, 17, 11, '11-29-2023', 50.26),
(3611, 17, 11, '11-29-2023', 58.41),
(3612, 17, 11, '11-29-2023', 58.84),
(3613, 17, 11, '11-29-2023', 53.17),
(3614, 17, 11, '11-30-2023', 59.43),
(3615, 17, 11, '12-01-2023', 70.34),
(3616, 17, 12, '12-01-2023', 12.82),
(3617, 17, 12, '12-01-2023', 20.76),
(3618, 17, 12, '12-01-2023', 26.02),
(3619, 17, 12, '12-01-2023', 39.35),
(3620, 17, 12, '12-01-2023', 36.44),
(3621, 17, 12, '12-01-2023', 60.67),
(3622, 6, 11, '12-02-2023', 40.02),
(3623, 6, 11, '12-02-2023', 69.44),
(3624, 6, 11, '12-03-2023', 78.41),
(3625, 6, 11, '12-03-2023', 65.92),
(3626, 6, 11, '12-03-2023', 63.19),
(3627, 6, 12, '12-03-2023', 10.64),
(3628, 17, 12, '12-04-2023', 60.80),
(3629, 6, 12, '12-05-2023', 23.65),
(3630, 17, 12, '12-06-2023', 68.79),
(3631, 6, 12, '12-08-2023', 33.49),
(3632, 6, 12, '12-08-2023', 33.26),
(3633, 6, 12, '12-08-2023', 40.88),
(3634, 6, 12, '12-08-2023', 67.92),
(3635, 17, 12, '12-09-2023', 81.95),
(3636, 17, 12, '12-09-2023', 91.62),
(3637, 17, 13, '12-09-2023', 14.15),
(3638, 6, 12, '12-10-2023', 64.45),
(3639, 6, 12, '12-10-2023', 75.65),
(3640, 6, 12, '12-10-2023', 80.04),
(3641, 6, 12, '12-12-2023', 87.15),
(3642, 6, 13, '12-12-2023', 12.87),
(3643, 17, 13, '12-12-2023', 18.71),
(3644, 17, 13, '12-12-2023', 34.78),
(3645, 17, 13, '12-12-2023', 42.91),
(3646, 6, 13, '12-14-2023', 20.31),
(3647, 6, 13, '12-14-2023', 26.64),
(3648, 6, 13, '12-14-2023', 43.04),
(3649, 6, 13, '12-14-2023', 35.78),
(3650, 6, 13, '12-14-2023', 62.58),
(3651, 6, 13, '12-14-2023', 49.62),
(3652, 6, 13, '12-14-2023', 55.19),
(3653, 6, 13, '12-14-2023', 79.61),
(3654, 6, 14, '12-14-2023', 11.38),
(3655, 17, 13, '12-15-2023', 48.16),
(3656, 17, 13, '12-15-2023', 46.73),
(3657, 17, 13, '12-15-2023', 70.58),
(3658, 17, 13, '12-15-2023', 67.50),
(3659, 6, 14, '12-17-2023', 23.26),
(3660, 6, 14, '12-17-2023', 28.83),
(3661, 6, 14, '12-17-2023', 29.46),
(3662, 6, 14, '12-17-2023', 41.71),
(3663, 6, 14, '12-17-2023', 45.81),
(3664, 6, 14, '12-17-2023', 60.58),
(3665, 6, 14, '12-17-2023', 59.29),
(3666, 6, 14, '12-17-2023', 76.34),
(3667, 6, 15, '12-17-2023', 15.25),
(3668, 6, 15, '12-17-2023', 21.10),
(3669, 6, 15, '12-17-2023', 30.99),
(3670, 17, 13, '12-18-2023', 91.28),
(3671, 17, 13, '12-18-2023', 81.36),
(3672, 17, 14, '12-18-2023', 19.74),
(3673, 17, 14, '12-18-2023', 27.01),
(3674, 17, 14, '12-18-2023', 35.48),
(3675, 17, 14, '12-18-2023', 41.77),
(3676, 17, 14, '12-18-2023', 47.57),
(3677, 17, 14, '12-18-2023', 36.91),
(3678, 17, 14, '12-19-2023', 50.58),
(3679, 17, 14, '12-19-2023', 75.76),
(3680, 17, 14, '12-19-2023', 72.71),
(3681, 6, 15, '12-20-2023', 39.40),
(3682, 6, 15, '12-20-2023', 49.67),
(3683, 6, 15, '12-21-2023', 54.47),
(3684, 6, 15, '12-21-2023', 43.33),
(3685, 6, 15, '12-21-2023', 57.13),
(3686, 6, 15, '12-21-2023', 71.43),
(3687, 6, 15, '12-21-2023', 93.35),
(3688, 6, 16, '12-21-2023', 10.10),
(3689, 6, 16, '12-21-2023', 21.68),
(3690, 6, 16, '12-21-2023', 32.82),
(3691, 17, 14, '12-21-2023', 75.44),
(3692, 17, 29, '12-21-2023', 16.99),
(3693, 17, 29, '12-21-2023', 18.01),
(3694, 17, 29, '12-21-2023', 34.45),
(3695, 17, 29, '12-21-2023', 31.40),
(3696, 17, 29, '12-22-2023', 47.04),
(3697, 6, 16, '12-23-2023', 30.24),
(3698, 17, 29, '12-24-2023', 43.51),
(3699, 17, 29, '12-24-2023', 67.59),
(3700, 6, 16, '12-25-2023', 35.52),
(3701, 6, 16, '12-25-2023', 60.58),
(3702, 6, 16, '12-25-2023', 60.25),
(3703, 6, 16, '12-25-2023', 56.30),
(3704, 6, 16, '12-25-2023', 80.78),
(3705, 6, 16, '12-25-2023', 93.32),
(3706, 6, 17, '12-25-2023', 14.33),
(3707, 17, 29, '12-25-2023', 52.98),
(3708, 17, 29, '12-25-2023', 64.61),
(3709, 17, 29, '12-25-2023', 63.35),
(3710, 17, 16, '12-27-2023', 11.29),
(3711, 17, 16, '12-27-2023', 19.33),
(3712, 6, 17, '12-28-2023', 23.51),
(3713, 6, 17, '12-28-2023', 32.97),
(3714, 17, 16, '12-29-2023', 33.22),
(3715, 17, 16, '12-29-2023', 36.41),
(3716, 17, 16, '12-30-2023', 49.01),
(3717, 17, 16, '12-30-2023', 40.03),
(3718, 17, 16, '12-30-2023', 61.63),
(3719, 17, 16, '12-30-2023', 74.81),
(3720, 17, 16, '12-30-2023', 86.85),
(3721, 17, 16, '12-30-2023', 65.94),
(3722, 6, 17, '12-31-2023', 34.02),
(3723, 6, 17, '12-31-2023', 35.11),
(3724, 17, 17, '12-31-2023', 11.29),
(3725, 17, 17, '12-31-2023', 27.45),
(3726, 20, 1, '01-01-2024', 10.63),
(3727, 6, 17, '01-02-2024', 64.16),
(3728, 17, 17, '01-02-2024', 28.58),
(3729, 17, 17, '01-02-2024', 29.59),
(3730, 17, 17, '01-02-2024', 40.81),
(3731, 6, 17, '01-04-2024', 59.67),
(3732, 6, 17, '01-04-2024', 80.69),
(3733, 6, 17, '01-04-2024', 52.72),
(3734, 6, 17, '01-04-2024', 79.08),
(3735, 20, 1, '01-04-2024', 24.80),
(3736, 20, 1, '01-04-2024', 31.48),
(3737, 17, 17, '01-05-2024', 60.66),
(3738, 17, 17, '01-05-2024', 54.49),
(3739, 17, 17, '01-05-2024', 53.80),
(3740, 17, 17, '01-05-2024', 89.76),
(3741, 6, 18, '01-06-2024', 19.86),
(3742, 20, 1, '01-06-2024', 36.80),
(3743, 20, 1, '01-07-2024', 41.20),
(3744, 20, 1, '01-07-2024', 44.23),
(3745, 17, 17, '01-08-2024', 58.06),
(3746, 6, 18, '01-09-2024', 19.72),
(3747, 17, 18, '01-10-2024', 10.47),
(3748, 20, 1, '01-10-2024', 47.55),
(3749, 20, 1, '01-10-2024', 68.57),
(3750, 20, 1, '01-10-2024', 77.83),
(3751, 6, 18, '01-11-2024', 35.84),
(3752, 6, 18, '01-11-2024', 31.06),
(3753, 6, 18, '01-11-2024', 51.39),
(3754, 17, 18, '01-11-2024', 18.42),
(3755, 17, 18, '01-11-2024', 29.23),
(3756, 17, 18, '01-11-2024', 42.12),
(3757, 17, 18, '01-11-2024', 48.22),
(3758, 17, 18, '01-11-2024', 52.81),
(3759, 17, 18, '01-11-2024', 62.19),
(3760, 17, 18, '01-11-2024', 78.58),
(3761, 6, 18, '01-13-2024', 63.70),
(3762, 6, 18, '01-13-2024', 65.50),
(3763, 6, 18, '01-13-2024', 67.41),
(3764, 20, 1, '01-13-2024', 79.37),
(3765, 20, 2, '01-13-2024', 17.78),
(3766, 20, 2, '01-13-2024', 26.15),
(3767, 17, 18, '01-14-2024', 64.09),
(3768, 17, 18, '01-14-2024', 61.91),
(3769, 17, 19, '01-14-2024', 15.65),
(3770, 17, 19, '01-14-2024', 24.61),
(3771, 17, 19, '01-14-2024', 31.48),
(3772, 17, 19, '01-14-2024', 45.74),
(3773, 17, 19, '01-14-2024', 40.77),
(3774, 6, 18, '01-16-2024', 82.60),
(3775, 6, 19, '01-16-2024', 19.54),
(3776, 17, 19, '01-16-2024', 40.92),
(3777, 17, 19, '01-16-2024', 57.12),
(3778, 20, 2, '01-16-2024', 28.55),
(3779, 6, 19, '01-18-2024', 23.31),
(3780, 6, 19, '01-18-2024', 29.23),
(3781, 6, 19, '01-18-2024', 32.19),
(3782, 6, 19, '01-18-2024', 35.10),
(3783, 6, 19, '01-18-2024', 44.45),
(3784, 6, 19, '01-18-2024', 44.09),
(3785, 6, 19, '01-18-2024', 53.01),
(3786, 6, 19, '01-18-2024', 92.98),
(3787, 17, 19, '01-18-2024', 66.25),
(3788, 17, 19, '01-18-2024', 84.83),
(3789, 17, 19, '01-18-2024', 69.03),
(3790, 17, 20, '01-18-2024', 10.18),
(3791, 17, 20, '01-18-2024', 21.31),
(3792, 17, 20, '01-18-2024', 25.47),
(3793, 17, 20, '01-18-2024', 37.68),
(3794, 6, 19, '01-19-2024', 100.00),
(3795, 6, 20, '01-19-2024', 15.36),
(3796, 6, 20, '01-19-2024', 18.20),
(3797, 20, 2, '01-19-2024', 39.28),
(3798, 20, 2, '01-20-2024', 43.03),
(3799, 20, 2, '01-20-2024', 41.43),
(3800, 20, 2, '01-20-2024', 45.93),
(3801, 20, 2, '01-20-2024', 85.18),
(3802, 20, 2, '01-20-2024', 60.90),
(3803, 20, 2, '01-20-2024', 98.43),
(3804, 20, 3, '01-20-2024', 13.05),
(3805, 20, 3, '01-20-2024', 23.23),
(3806, 20, 3, '01-20-2024', 28.40),
(3807, 20, 3, '01-20-2024', 39.35),
(3808, 20, 3, '01-20-2024', 54.11),
(3809, 20, 3, '01-20-2024', 67.27),
(3810, 17, 20, '01-21-2024', 36.19),
(3811, 6, 20, '01-22-2024', 32.07),
(3812, 6, 20, '01-22-2024', 35.08),
(3813, 17, 20, '01-23-2024', 62.02),
(3814, 20, 3, '01-23-2024', 61.98),
(3815, 20, 3, '01-23-2024', 54.45),
(3816, 6, 20, '01-24-2024', 50.46),
(3817, 6, 20, '01-24-2024', 62.93),
(3818, 17, 20, '01-24-2024', 49.13),
(3819, 6, 20, '01-25-2024', 43.04),
(3820, 6, 20, '01-25-2024', 53.95),
(3821, 6, 20, '01-25-2024', 79.62),
(3822, 6, 20, '01-26-2024', 84.53),
(3823, 6, 21, '01-26-2024', 11.45),
(3824, 6, 21, '01-26-2024', 16.10),
(3825, 6, 21, '01-26-2024', 39.11),
(3826, 20, 3, '01-26-2024', 98.36),
(3827, 17, 20, '01-27-2024', 70.76),
(3828, 20, 3, '01-29-2024', 89.97),
(3829, 20, 4, '01-29-2024', 16.12),
(3830, 17, 20, '01-30-2024', 78.31),
(3831, 17, 20, '01-30-2024', 71.13),
(3832, 20, 4, '02-01-2024', 19.07),
(3833, 20, 4, '02-04-2024', 33.85),
(3834, 20, 4, '02-04-2024', 32.61),
(3835, 20, 4, '02-04-2024', 34.20),
(3836, 20, 4, '02-04-2024', 45.48),
(3837, 20, 4, '02-04-2024', 53.13),
(3838, 20, 4, '02-04-2024', 71.30),
(3839, 20, 4, '02-04-2024', 83.42),
(3840, 20, 4, '02-04-2024', 88.03),
(3841, 20, 5, '02-04-2024', 12.47),
(3842, 20, 5, '02-04-2024', 18.60),
(3843, 20, 5, '02-04-2024', 34.39),
(3844, 20, 5, '02-04-2024', 36.81),
(3845, 20, 5, '02-04-2024', 49.16),
(3846, 20, 5, '02-04-2024', 55.96),
(3847, 20, 5, '02-06-2024', 47.51),
(3848, 20, 5, '02-06-2024', 76.63),
(3849, 20, 5, '02-06-2024', 74.95),
(3850, 20, 5, '02-06-2024', 78.58),
(3851, 20, 6, '02-06-2024', 15.18),
(3852, 20, 6, '02-06-2024', 22.94),
(3853, 20, 6, '02-09-2024', 33.97),
(3854, 20, 6, '02-09-2024', 38.61),
(3855, 20, 6, '02-12-2024', 39.57),
(3856, 20, 6, '02-12-2024', 44.84),
(3857, 20, 6, '02-13-2024', 68.92),
(3858, 20, 6, '02-13-2024', 78.46),
(3859, 20, 6, '02-13-2024', 53.53),
(3860, 20, 7, '02-13-2024', 16.74),
(3861, 20, 7, '02-13-2024', 27.28),
(3862, 20, 7, '02-13-2024', 35.75),
(3863, 20, 7, '02-13-2024', 26.63),
(3864, 20, 7, '02-13-2024', 56.97),
(3865, 20, 7, '02-13-2024', 64.53),
(3866, 20, 7, '02-13-2024', 57.84),
(3867, 20, 7, '02-13-2024', 65.98),
(3868, 20, 7, '02-16-2024', 84.69),
(3869, 20, 7, '02-16-2024', 91.38),
(3870, 20, 17, '02-16-2024', 15.56),
(3871, 20, 17, '02-16-2024', 26.08),
(3872, 20, 17, '02-16-2024', 32.56),
(3873, 20, 17, '02-17-2024', 32.72),
(3874, 20, 17, '02-17-2024', 53.96),
(3875, 20, 17, '02-20-2024', 62.36),
(3876, 20, 17, '02-20-2024', 57.91),
(3877, 20, 17, '02-20-2024', 72.98),
(3878, 20, 17, '02-20-2024', 75.06),
(3879, 20, 17, '02-20-2024', 71.16),
(3880, 20, 9, '02-21-2024', 19.45),
(3881, 20, 9, '02-21-2024', 27.10),
(3882, 20, 9, '02-21-2024', 25.56),
(3883, 20, 9, '02-22-2024', 27.75),
(3884, 20, 9, '02-23-2024', 33.38),
(3885, 20, 9, '02-25-2024', 43.23),
(3886, 20, 9, '02-25-2024', 65.71),
(3887, 20, 9, '02-28-2024', 84.00),
(3888, 20, 9, '03-01-2024', 55.13),
(3889, 20, 10, '03-01-2024', 18.69),
(3890, 20, 10, '03-04-2024', 23.65),
(3891, 20, 10, '03-07-2024', 30.57),
(3892, 20, 10, '03-07-2024', 44.09),
(3893, 20, 10, '03-08-2024', 52.20),
(3894, 20, 10, '03-09-2024', 65.59),
(3895, 20, 10, '03-09-2024', 46.18),
(3896, 20, 10, '03-09-2024', 76.94),
(3897, 20, 10, '03-09-2024', 91.03),
(3898, 20, 11, '03-10-2024', 12.87),
(3899, 20, 11, '03-10-2024', 20.71),
(3900, 20, 11, '03-10-2024', 37.14),
(3901, 20, 11, '03-10-2024', 31.51),
(3902, 20, 11, '03-11-2024', 40.55),
(3903, 20, 11, '03-11-2024', 36.86),
(3904, 20, 11, '03-11-2024', 49.85),
(3905, 20, 11, '03-11-2024', 84.11),
(3906, 20, 11, '03-12-2024', 90.46),
(3907, 20, 11, '03-12-2024', 68.67),
(3908, 20, 12, '03-13-2024', 18.17),
(3909, 20, 12, '03-13-2024', 18.03),
(3910, 20, 12, '03-13-2024', 35.42),
(3911, 20, 12, '03-13-2024', 37.73),
(3912, 20, 12, '03-15-2024', 55.88),
(3913, 20, 12, '03-15-2024', 58.16),
(3914, 20, 12, '03-15-2024', 57.02),
(3915, 20, 12, '03-15-2024', 56.27),
(3916, 20, 12, '03-15-2024', 70.66),
(3917, 20, 12, '03-15-2024', 75.14),
(3918, 20, 13, '03-15-2024', 15.18),
(3919, 20, 13, '03-15-2024', 22.80),
(3920, 20, 13, '03-15-2024', 33.54),
(3921, 20, 13, '03-15-2024', 28.34),
(3922, 20, 13, '03-15-2024', 56.00),
(3923, 20, 13, '03-15-2024', 38.34),
(3924, 20, 13, '03-18-2024', 65.53),
(3925, 20, 13, '03-18-2024', 67.93),
(3926, 20, 13, '03-18-2024', 56.79),
(3927, 20, 14, '03-18-2024', 10.06),
(3928, 20, 14, '03-18-2024', 23.81),
(3929, 20, 14, '03-18-2024', 31.22),
(3930, 20, 14, '03-20-2024', 29.20),
(3931, 20, 14, '03-22-2024', 33.55),
(3932, 20, 14, '03-23-2024', 55.43),
(3933, 20, 14, '03-23-2024', 50.81),
(3934, 20, 14, '03-23-2024', 58.22),
(3935, 20, 14, '03-23-2024', 63.77),
(3936, 20, 14, '03-23-2024', 59.39),
(3937, 20, 15, '03-23-2024', 10.41),
(3938, 20, 15, '03-23-2024', 23.81),
(3939, 20, 15, '03-23-2024', 31.43),
(3940, 20, 15, '03-23-2024', 36.51),
(3941, 20, 15, '03-25-2024', 52.32),
(3942, 20, 15, '03-27-2024', 42.14),
(3943, 20, 15, '03-27-2024', 63.97),
(3944, 20, 15, '03-27-2024', 62.30),
(3945, 20, 15, '03-27-2024', 67.05),
(3946, 20, 15, '03-27-2024', 65.92),
(3947, 20, 16, '03-27-2024', 19.08),
(3948, 20, 16, '03-30-2024', 16.79),
(3949, 20, 16, '03-30-2024', 33.93),
(3950, 20, 16, '03-30-2024', 41.00),
(3951, 20, 16, '03-30-2024', 50.26),
(3952, 20, 16, '04-01-2024', 48.56),
(3953, 20, 16, '04-01-2024', 65.44),
(3954, 20, 16, '04-01-2024', 72.50),
(3955, 20, 16, '04-01-2024', 78.80),
(3956, 20, 16, '04-01-2024', 58.81),
(3957, 20, 17, '04-01-2024', 16.94),
(3958, 20, 17, '04-01-2024', 20.25),
(3959, 20, 17, '04-01-2024', 34.34),
(3960, 20, 17, '04-02-2024', 39.79),
(3961, 20, 17, '04-04-2024', 39.36),
(3962, 20, 17, '04-04-2024', 59.09),
(3963, 20, 17, '04-07-2024', 53.61),
(3964, 20, 17, '04-07-2024', 54.46),
(3965, 20, 17, '04-09-2024', 73.62),
(3966, 20, 17, '04-10-2024', 88.66),
(3967, 20, 18, '04-10-2024', 16.56),
(3968, 20, 18, '04-11-2024', 22.29),
(3969, 20, 18, '04-12-2024', 30.02),
(3970, 20, 18, '04-12-2024', 34.27),
(3971, 20, 18, '04-12-2024', 40.15),
(3972, 20, 18, '04-12-2024', 43.29),
(3973, 20, 18, '04-12-2024', 65.42),
(3974, 20, 18, '04-12-2024', 57.43),
(3975, 20, 18, '04-12-2024', 71.87),
(3976, 20, 18, '04-12-2024', 76.47),
(3977, 20, 19, '04-12-2024', 15.95),
(3978, 20, 19, '04-12-2024', 25.89),
(3979, 20, 19, '04-14-2024', 24.85),
(3980, 20, 19, '04-14-2024', 39.33),
(3981, 20, 19, '04-14-2024', 55.82),
(3982, 20, 19, '04-17-2024', 54.70),
(3983, 20, 19, '04-17-2024', 67.58),
(3984, 20, 19, '04-18-2024', 63.19),
(3985, 20, 19, '04-18-2024', 86.01),
(3986, 20, 19, '04-18-2024', 62.98),
(3987, 20, 20, '04-18-2024', 15.84),
(3988, 20, 20, '04-20-2024', 17.98),
(3989, 20, 20, '04-21-2024', 33.23),
(3990, 20, 20, '04-21-2024', 35.82),
(3991, 20, 20, '04-21-2024', 37.36),
(3992, 20, 20, '04-23-2024', 38.76),
(3993, 20, 20, '04-23-2024', 53.79),
(3994, 20, 20, '04-23-2024', 69.24),
(3995, 20, 20, '04-23-2024', 74.41),
(3996, 20, 20, '04-23-2024', 73.36),
(3997, 20, 21, '04-24-2024', 17.11),
(3998, 20, 21, '04-24-2024', 22.40),
(3999, 20, 21, '04-24-2024', 30.88),
(4000, 20, 21, '04-24-2024', 35.73);

--
-- Indexes for dumped tables
--

--
-- Indexes for table `gracze`
--
ALTER TABLE `gracze`
  ADD PRIMARY KEY (`ID`);

--
-- Indexes for table `mapy`
--
ALTER TABLE `mapy`
  ADD PRIMARY KEY (`ID`);

--
-- Indexes for table `rozgrywki`
--
ALTER TABLE `rozgrywki`
  ADD PRIMARY KEY (`ID_rozgr`),
  ADD KEY `ID_gracza` (`ID_gracza`),
  ADD KEY `ID_mapy` (`ID_mapy`);
COMMIT;

/*!40101 SET CHARACTER_SET_CLIENT=@OLD_CHARACTER_SET_CLIENT */;
/*!40101 SET CHARACTER_SET_RESULTS=@OLD_CHARACTER_SET_RESULTS */;
/*!40101 SET COLLATION_CONNECTION=@OLD_COLLATION_CONNECTION */;
